pid,event,time,fac_heduc,fac_heblack,fac_mixed
0,0,10546,12-15,No,No
1,0,34943,<12,No,No
2,1,2834,<12,No,No
3,1,17532,<12,No,No
4,0,1418,12-15,No,No
5,0,48033,<12,No,No
6,0,16706,16+,No,No
7,0,24999,<12,No,No
8,0,24999,<12,No,No
9,0,3869,<12,Yes,No
10,0,7732,12-15,Yes,No
11,1,5.2105,12-15,No,No
12,0,15444,12-15,No,No
13,0,4085,16+,No,No
14,0,17333,<12,No,No
15,0,16331,12-15,No,No
16,0,35335,12-15,No,No
17,0,37.67,<12,No,No
18,1,19.1865,12-15,No,No
19,0,22697,12-15,No,No
20,0,50776,<12,No,No
21,0,37495,<12,No,No
22,0,30738,<12,No,No
23,0,48654,<12,No,No
24,0,33024,<12,No,No
25,0,36668,<12,No,No
26,0,27992,16+,No,No
27,0,27789,16+,No,No
28,1,3.2525,12-15,No,No
29,1,5.67,12-15,No,No
30,0,17999,<12,No,No
31,1,7.5975,<12,No,No
32,0,1791,<12,No,No
33,0,2475,<12,No,No
34,0,35959,12-15,No,No
35,0,13136,12-15,No,No
36,0,5717,12-15,No,No
37,0,5717,12-15,No,No
38,0,26278,12-15,No,No
39,1,4331,12-15,No,No
40,0,8893,<12,No,No
41,0,15743,12-15,No,No
42,1,4671,<12,No,No
43,0,48356,<12,No,No
44,0,39332,<12,No,No
45,0,39332,<12,No,No
46,0,61525,12-15,No,No
47,0,12999,12-15,No,No
48,0,14817,12-15,No,No
49,1,33755,<12,No,No
50,0,56999,<12,No,No
51,0,3606,12-15,No,No
52,0,3606,<12,No,No
53,0,16999,<12,Yes,No
54,1,42015,<12,Yes,No
55,0,37837,12-15,No,No
56,0,18.16,12-15,Yes,No
57,0,18018,12-15,No,No
58,1,13667,12-15,No,No
59,1,3584,12-15,No,No
60,1,2502,<12,No,No
61,1,14.7135,16+,No,No
62,0,35932,<12,No,No
63,0,13864,16+,No,No
64,1,25.8015,12-15,No,No
65,1,14.3495,<12,No,No
66,0,57506,<12,No,No
67,1,7915,12-15,No,No
68,0,7162,<12,No,No
69,0,41971,16+,No,No
70,0,12991,16+,No,No
71,1,18.3355,12-15,No,No
72,0,18809,12-15,No,No
73,0,1864,<12,No,No
74,0,53084,12-15,No,No
75,1,17.2895,12-15,No,No
76,1,32167,12-15,No,No
77,0,18338,12-15,No,No
78,0,23469,12-15,No,No
79,0,34762,16+,No,No
80,1,4.4325,12-15,No,No
81,0,19081,12-15,No,No
82,1,35.8465,<12,No,No
83,1,7247,12-15,No,No
84,0,28151,12-15,No,No
85,1,15.9975,12-15,No,No
86,1,2.2125,<12,No,No
87,0,8789,16+,No,No
88,0,8789,16+,No,No
89,0,17999,16+,No,No
90,0,14084,16+,No,No
91,0,27009,<12,No,No
92,0,42313,<12,Yes,No
93,0,9002,<12,No,No
94,0,35001,<12,No,No
95,0,35001,<12,No,No
96,1,5.0025,<12,No,No
97,0,37248,12-15,No,No
98,0,34653,<12,No,No
99,0,16605,12-15,No,No
100,0,44841,<12,No,No
101,0,11671,12-15,No,No
102,0,20504,12-15,No,No
103,0,6913,16+,No,No
104,0,22404,<12,No,No
105,0,31485,<12,No,No
106,1,3.4965,<12,No,No
107,0,24.0,<12,No,No
108,0,33851,<12,No,No
109,0,14576,12-15,No,No
110,1,2.0015,<12,No,No
111,0,52663,12-15,No,No
112,1,2.6095,<12,No,No
113,0,22719,16+,No,No
114,1,4.5805,12-15,No,No
115,0,43751,<12,No,No
116,0,42062,<12,No,No
117,0,29.07,16+,No,No
118,0,29.07,16+,No,No
119,0,56052,12-15,No,No
120,1,17081,12-15,No,No
121,0,27168,12-15,No,No
122,0,6001,<12,No,No
123,1,5919,12-15,No,No
124,0,20.0,12-15,No,No
125,1,10456,16+,No,No
126,0,26971,<12,No,No
127,0,53.84,<12,No,No
128,1,11581,12-15,Yes,No
129,0,22976,16+,Yes,No
130,0,32999,<12,No,No
131,1,8.3615,12-15,No,No
132,1,17084,12-15,No,No
133,0,8003,12-15,No,No
134,0,3775,12-15,No,No
135,0,3565,12-15,No,No
136,0,4977,<12,No,No
137,0,5246,12-15,No,No
138,0,1257,12-15,No,No
139,0,0.6,12-15,No,No
140,0,40501,<12,No,No
141,0,49002,12-15,No,No
142,1,6.0015,<12,No,No
143,0,1878,12-15,No,No
144,0,7003,12-15,Yes,No
145,0,7003,12-15,Yes,No
146,0,41199,16+,No,No
147,0,47546,12-15,No,No
148,0,21467,12-15,No,No
149,1,21002,16+,No,No
150,0,21467,12-15,No,No
151,0,24832,<12,No,No
152,0,41999,<12,No,No
153,0,16972,<12,No,No
154,0,14867,12-15,Yes,No
155,1,7.1675,12-15,Yes,No
156,1,21498,<12,Yes,No
157,1,7.1675,12-15,Yes,No
158,0,13421,12-15,No,No
159,0,15849,12-15,No,No
160,0,19425,12-15,No,No
161,1,9336,16+,No,No
162,1,10587,16+,No,No
163,1,8668,<12,No,No
164,0,34004,<12,No,No
165,0,31997,<12,No,No
166,1,9.5825,12-15,No,No
167,0,48.46,12-15,No,No
168,1,12527,12-15,No,No
169,0,20252,12-15,No,No
170,1,5002,12-15,No,No
171,1,4.4955,16+,No,No
172,1,6776,12-15,No,No
173,0,12.0,12-15,No,No
174,1,13.5795,12-15,No,No
175,1,11291,12-15,No,No
176,0,40602,<12,No,No
177,0,54412,<12,No,No
178,0,9563,12-15,No,No
179,0,7901,12-15,No,No
180,0,24.03,16+,No,No
181,0,7901,16+,No,No
182,0,43685,<12,No,No
183,0,43685,<12,No,No
184,0,29366,12-15,No,No
185,0,2554,12-15,No,No
186,1,4668,12-15,No,No
187,1,4.9585,12-15,No,No
188,0,2554,12-15,No,No
189,1,4.7365,12-15,No,No
190,0,1624,12-15,No,No
191,0,42919,16+,No,No
192,1,14972,<12,No,No
193,1,3748,12-15,No,No
194,0,1106,12-15,No,No
195,1,2.6695,12-15,No,No
196,0,34998,<12,No,No
197,1,34075,<12,No,No
198,0,20999,12-15,Yes,No
199,0,46979,<12,No,No
200,0,28775,16+,No,No
201,0,61407,12-15,No,No
202,0,2998,<12,No,No
203,0,22475,16+,No,No
204,0,10743,16+,No,No
205,0,35335,<12,No,No
206,0,32175,12-15,No,No
207,0,38149,<12,No,No
208,1,11.2525,12-15,No,No
209,1,1.3335,<12,No,No
210,0,55833,<12,No,No
211,0,41164,<12,No,No
212,0,37.06,<12,No,No
213,1,4.9005,<12,No,No
214,1,28738,12-15,No,No
215,1,1232,12-15,No,No
216,0,29634,16+,No,No
217,0,13999,<12,No,No
218,0,38324,12-15,No,No
219,0,5541,16+,No,No
220,0,37268,16+,No,No
221,0,53459,<12,Yes,No
222,0,30.96,<12,Yes,No
223,0,7001,<12,No,No
224,0,46.1,<12,No,No
225,0,54.79,12-15,No,No
226,0,30001,16+,No,No
227,0,36252,16+,No,No
228,0,24999,<12,Yes,No
229,0,32.0,<12,No,No
230,0,25999,<12,No,No
231,1,9421,12-15,Yes,No
232,0,8783,12-15,No,Yes
233,0,40252,12-15,No,No
234,1,6875,<12,No,No
235,1,13588,16+,No,No
236,0,21736,12-15,No,No
237,0,13057,12-15,No,No
238,0,35028,<12,No,No
239,0,24.26,<12,Yes,No
240,0,22015,<12,Yes,No
241,0,34571,<12,No,No
242,0,22998,<12,No,No
243,0,46823,16+,No,No
244,0,47.17,12-15,No,No
245,0,20093,12-15,No,No
246,0,12887,12-15,No,No
247,0,12887,12-15,No,No
248,0,32167,<12,No,No
249,0,52671,<12,No,No
250,0,20665,16+,No,No
251,0,18.76,16+,No,No
252,0,18.76,16+,No,No
253,1,10587,12-15,No,No
254,1,7.6715,16+,No,No
255,0,25073,16+,No,No
256,0,30773,16+,No,No
257,0,879,<12,No,No
258,0,1002,12-15,No,No
259,0,48802,12-15,No,No
260,0,3669,12-15,No,No
261,0,23001,16+,No,No
262,0,48413,<12,No,No
263,0,14511,16+,No,No
264,0,49916,<12,No,No
265,0,60504,12-15,No,No
266,1,21.9315,<12,No,No
267,0,4482,12-15,No,No
268,0,55581,<12,No,No
269,0,42582,12-15,No,No
270,0,26604,16+,No,No
271,1,36301,12-15,No,No
272,1,8.0,12-15,No,No
273,0,32668,12-15,No,No
274,0,20999,<12,No,No
275,0,57049,<12,No,No
276,1,2.0835,12-15,No,No
277,0,9016,12-15,No,No
278,0,44.0,<12,No,No
279,0,55496,<12,No,No
280,0,61832,<12,No,No
281,1,17169,<12,No,No
282,1,14.7955,<12,No,No
283,1,10.6695,12-15,No,No
284,1,3.31,12-15,No,No
285,1,7.4345,12-15,No,No
286,1,18757,12-15,No,No
287,0,3888,12-15,No,No
288,1,21.7465,16+,No,No
289,0,3425,<12,No,No
290,1,10872,12-15,No,No
291,0,27.97,12-15,No,No
292,1,14.0125,12-15,No,No
293,1,21.0045,12-15,Yes,No
294,0,4.49,16+,No,No
295,0,10653,12-15,No,No
296,0,10653,12-15,No,No
297,0,59948,12-15,No,No
298,1,9.0105,16+,No,No
299,1,8999,16+,No,No
300,0,49.35,<12,No,No
301,0,56101,<12,No,No
302,0,14012,<12,No,No
303,0,22982,<12,No,No
304,0,44077,<12,No,No
305,0,47.88,16+,No,No
306,1,10.5955,<12,No,No
307,1,4665,12-15,No,No
308,0,50653,12-15,No,No
309,0,13029,12-15,No,No
310,0,57164,<12,No,No
311,1,1.4605,12-15,No,No
312,0,24747,16+,No,No
313,0,51001,<12,No,No
314,0,14198,16+,No,No
315,0,44383,16+,No,No
316,1,36205,<12,No,No
317,0,47001,12-15,No,No
318,0,50962,12-15,No,No
319,0,38.42,12-15,No,No
320,0,23458,<12,No,No
321,0,48559,<12,No,No
322,1,10.9325,12-15,No,No
323,0,44063,<12,No,No
324,0,22579,16+,No,No
325,1,1251,<12,No,No
326,0,16309,<12,No,No
327,1,2.8335,12-15,No,No
328,0,15671,12-15,No,No
329,0,11587,16+,No,No
330,1,6.39,12-15,No,No
331,1,15.6715,12-15,No,No
332,1,17.7765,12-15,Yes,No
333,1,10.6355,<12,Yes,Yes
334,0,54505,<12,Yes,No
335,0,14631,16+,Yes,No
336,0,16057,12-15,Yes,No
337,0,19001,<12,No,No
338,0,19001,<12,No,No
339,0,3165,12-15,No,No
340,0,24671,<12,No,No
341,1,1.1075,16+,No,No
342,1,27499,<12,No,No
343,1,17254,12-15,No,No
344,0,15003,16+,No,No
345,0,14768,16+,No,No
346,1,8.6845,12-15,No,No
347,1,9.0855,<12,No,No
348,1,6.0205,12-15,No,No
349,0,32706,12-15,No,No
350,0,32706,12-15,No,No
351,0,33498,12-15,No,No
352,1,30653,16+,No,No
353,0,34.04,16+,No,No
354,0,55398,<12,No,No
355,0,51707,<12,No,No
356,0,33207,16+,No,No
357,0,8758,16+,No,No
358,0,50001,<12,No,No
359,0,18971,16+,No,No
360,0,21804,16+,No,No
361,0,5.53,16+,No,No
362,0,42341,<12,No,No
363,0,10179,12-15,No,No
364,0,972,12-15,No,No
365,0,972,12-15,No,No
366,0,14565,<12,No,No
367,0,13689,12-15,No,No
368,0,7368,12-15,No,No
369,0,25084,12-15,No,No
370,0,22242,12-15,No,No
371,1,5.1525,12-15,No,No
372,0,18858,12-15,No,No
373,1,7.5815,<12,No,No
374,1,37.5005,16+,No,No
375,0,53498,<12,No,No
376,0,6407,12-15,No,No
377,0,3811,16+,No,No
378,0,9569,<12,No,No
379,0,40115,16+,No,No
380,0,34582,12-15,No,No
381,0,7546,16+,No,No
382,0,7546,16+,No,No
383,0,58053,12-15,No,No
384,0,11272,12-15,No,No
385,0,60208,<12,No,No
386,0,22001,<12,No,No
387,0,21164,12-15,No,No
388,1,20.0,16+,No,No
389,1,4252,12-15,No,No
390,1,11.1675,12-15,No,No
391,1,10.2065,16+,No,No
392,0,50385,16+,No,No
393,0,5848,<12,No,Yes
394,1,1.6125,16+,No,No
395,0,35381,<12,No,No
396,0,6795,12-15,No,No
397,0,2012,16+,No,No
398,1,4082,12-15,No,No
399,0,1807,12-15,No,No
400,1,4739,12-15,No,No
401,0,5.09,16+,No,No
402,1,6754,<12,No,No
403,0,32769,<12,No,No
404,0,25774,12-15,No,No
405,0,5966,12-15,No,No
406,1,7966,16+,No,No
407,0,52611,<12,No,No
408,0,54166,16+,No,No
409,0,22765,12-15,No,No
410,1,5.0025,<12,No,No
411,0,29229,12-15,No,No
412,0,49125,<12,No,No
413,0,39488,12-15,No,No
414,0,45087,<12,No,No
415,1,4.6925,12-15,No,No
416,1,9999,16+,No,No
417,1,2.3355,<12,No,No
418,0,11.88,12-15,No,No
419,0,8654,12-15,No,No
420,0,2042,<12,No,No
421,0,20066,12-15,No,No
422,0,10.36,12-15,No,No
423,1,24.8325,16+,No,No
424,1,27.47,12-15,No,No
425,0,14743,12-15,No,No
426,0,7198,12-15,No,No
427,0,12999,<12,No,No
428,0,45235,<12,No,No
429,1,13.58,16+,No,No
430,0,21706,12-15,No,No
431,0,37582,<12,No,No
432,1,4.9145,12-15,No,No
433,0,14196,12-15,No,No
434,1,2.6095,12-15,No,No
435,1,20419,12-15,No,No
436,0,381,<12,No,No
437,0,61771,<12,No,No
438,0,42847,16+,No,No
439,0,23565,12-15,No,No
440,0,42.01,12-15,No,No
441,0,46138,<12,No,No
442,0,21.44,12-15,No,No
443,1,17002,12-15,No,No
444,0,53405,<12,No,No
445,1,9166,12-15,No,No
446,0,10831,12-15,No,No
447,0,5038,16+,No,No
448,0,10182,<12,No,No
449,0,23348,<12,No,No
450,1,10.1655,12-15,No,No
451,0,35001,<12,No,No
452,0,561,12-15,No,No
453,0,43.08,12-15,No,No
454,0,12241,12-15,No,No
455,0,3874,16+,No,No
456,0,6023,<12,No,No
457,1,912,12-15,No,No
458,0,767,12-15,No,No
459,1,8.75,12-15,No,No
460,0,4331,<12,No,No
461,0,13999,<12,No,No
462,0,15559,12-15,No,No
463,0,17331,12-15,No,No
464,0,15559,12-15,No,No
465,1,6.5815,12-15,No,No
466,1,6086,<12,No,No
467,1,4419,<12,No,No
468,1,5914,12-15,No,No
469,0,36356,<12,No,No
470,1,608,12-15,No,No
471,0,24999,<12,No,No
472,1,6.2505,<12,No,No
473,0,16726,12-15,No,No
474,0,11833,12-15,No,No
475,0,29823,12-15,No,No
476,1,5.9195,12-15,No,No
477,0,9662,<12,No,Yes
478,0,40597,12-15,No,No
479,0,40597,12-15,No,No
480,1,0.9745,12-15,No,No
481,1,7313,<12,No,No
482,0,3526,<12,No,No
483,0,29999,<12,No,No
484,0,11584,16+,No,No
485,0,18998,<12,No,No
486,0,31017,<12,No,No
487,1,24.4035,<12,No,No
488,0,55915,<12,No,No
489,0,55915,<12,No,No
490,1,7406,16+,No,No
491,1,1.9985,12-15,No,No
492,0,18374,12-15,No,No
493,0,28501,12-15,No,No
494,0,21829,16+,No,No
495,0,24.0,16+,No,No
496,0,24.0,16+,No,No
497,0,38215,12-15,No,No
498,1,18.3765,<12,No,No
499,1,19347,<12,No,No
500,1,21591,12-15,No,No
501,1,21591,16+,No,No
502,0,32033,12-15,No,No
503,0,27.42,16+,No,No
504,0,46.36,16+,No,No
505,1,3918,12-15,No,No
506,1,5251,12-15,No,No
507,0,1793,12-15,No,No
508,0,24025,12-15,No,No
509,0,24025,12-15,No,No
510,0,25555,16+,No,No
511,0,21591,16+,No,No
512,0,23639,12-15,No,No
513,0,32394,16+,No,No
514,0,1114,16+,No,No
515,0,34001,12-15,No,No
516,0,30094,<12,Yes,No
517,0,45944,<12,Yes,No
518,1,24794,<12,No,No
519,0,39959,12-15,No,No
520,0,38702,12-15,No,No
521,0,5812,<12,No,No
522,1,5.3335,<12,No,No
523,0,57919,16+,No,No
524,0,3003,12-15,No,No
525,1,15.5465,<12,Yes,No
526,0,11671,<12,Yes,No
527,0,13498,12-15,No,No
528,1,6483,<12,No,No
529,0,991,<12,No,No
530,0,13807,16+,No,No
531,0,18.01,<12,No,No
532,0,15707,<12,No,Yes
533,0,28252,12-15,No,No
534,0,1714,<12,No,No
535,1,1328,12-15,No,No
536,1,10.2505,12-15,No,No
537,1,18122,12-15,No,No
538,0,3548,<12,No,No
539,0,12723,12-15,No,No
540,1,13.1005,<12,No,No
541,0,3548,12-15,No,No
542,1,31.5945,16+,No,No
543,0,8063,<12,No,No
544,1,25.7495,12-15,No,No
545,0,30251,16+,No,No
546,0,44131,<12,No,No
547,1,6869,<12,No,No
548,1,7.2715,12-15,No,No
549,1,22.7995,<12,Yes,No
550,1,8.9145,12-15,Yes,No
551,0,23488,12-15,Yes,No
552,0,30166,<12,No,No
553,1,11001,12-15,No,No
554,1,31.0005,12-15,No,No
555,0,14842,16+,No,No
556,0,8.11,16+,No,No
557,0,50919,<12,Yes,No
558,0,9719,16+,Yes,No
559,1,22.4995,<12,Yes,No
560,1,23.7505,<12,No,No
561,0,38.33,<12,No,No
562,0,31373,<12,No,No
563,0,6048,12-15,No,No
564,1,3.0005,16+,No,No
565,1,4.9885,16+,No,No
566,1,1.93,16+,No,No
567,1,20167,12-15,No,No
568,1,20.3315,12-15,No,No
569,0,5993,<12,No,No
570,1,2.0805,12-15,No,No
571,0,15116,12-15,No,No
572,0,20381,16+,No,No
573,0,21832,12-15,No,No
574,0,46806,12-15,No,No
575,0,8843,16+,No,No
576,0,11444,12-15,No,No
577,1,6738,12-15,No,No
578,0,3838,16+,No,No
579,0,30185,12-15,No,No
580,1,3.42,<12,No,No
581,0,23422,<12,No,No
582,0,36474,12-15,No,No
583,0,36474,12-15,No,No
584,0,42924,12-15,No,No
585,0,42924,12-15,No,No
586,0,30913,12-15,No,No
587,0,32986,16+,No,No
588,0,5752,16+,No,No
589,0,548,<12,No,No
590,0,22664,16+,No,No
591,0,38595,12-15,No,No
592,0,38587,12-15,No,No
593,0,18404,12-15,No,No
594,0,16504,12-15,No,No
595,0,42834,12-15,No,No
596,0,4838,<12,No,No
597,1,11332,12-15,No,No
598,0,4838,16+,No,No
599,0,45626,16+,No,No
600,0,32.83,16+,No,No
601,0,12172,12-15,No,No
602,0,13194,12-15,No,No
603,0,12172,12-15,No,No
604,0,11047,12-15,No,No
605,0,46333,<12,No,No
606,0,45749,<12,No,No
607,0,35584,12-15,No,No
608,0,28999,12-15,No,No
609,0,23702,12-15,No,No
610,0,50084,<12,Yes,No
611,0,6001,<12,Yes,No
612,0,4.0,12-15,Yes,No
613,1,15.7385,12-15,No,No
614,1,5266,12-15,No,No
615,0,49588,<12,No,No
616,1,12419,12-15,No,No
617,1,3001,16+,No,No
618,0,22667,16+,No,No
619,0,25027,16+,No,No
620,0,24003,12-15,No,No
621,0,39023,12-15,No,No
622,0,29218,12-15,No,No
623,1,14638,12-15,No,No
624,0,7551,<12,No,No
625,1,10.9155,12-15,No,No
626,0,15422,12-15,No,No
627,0,9139,12-15,No,No
628,0,43929,16+,No,No
629,1,6505,12-15,No,No
630,0,30546,12-15,No,No
631,0,58916,16+,No,No
632,1,5667,<12,No,No
633,0,22935,<12,No,No
634,1,12999,<12,No,No
635,0,21999,12-15,Yes,No
636,0,45437,<12,No,No
637,0,14998,<12,No,No
638,0,62861,<12,No,No
639,0,32079,<12,No,No
640,0,9914,12-15,No,No
641,0,6152,16+,No,No
642,1,7.42,12-15,No,No
643,0,35937,<12,No,No
644,0,38001,<12,No,No
645,0,32186,<12,No,No
646,0,19997,12-15,No,No
647,1,5013,12-15,Yes,No
648,0,39001,12-15,No,No
649,0,5.86,<12,No,No
650,0,29.35,12-15,No,No
651,0,27997,<12,No,No
652,0,2001,12-15,No,No
653,0,30749,<12,No,No
654,1,5503,12-15,No,No
655,1,8246,<12,No,No
656,0,33919,16+,No,No
657,0,54749,<12,No,No
658,1,11.5425,12-15,No,No
659,0,3817,<12,No,No
660,1,28.8025,<12,No,No
661,0,20756,16+,Yes,No
662,0,27937,16+,No,No
663,0,20.55,12-15,No,No
664,1,8.8435,12-15,No,No
665,1,3.4195,12-15,No,No
666,1,2.1685,12-15,No,No
667,0,3639,<12,No,No
668,0,8523,12-15,No,No
669,1,31477,16+,No,No
670,1,19833,12-15,No,No
671,1,1.8315,12-15,No,No
672,1,5166,12-15,No,No
673,1,1199,<12,No,No
674,1,1336,<12,No,No
675,0,22322,<12,No,No
676,0,42604,12-15,No,No
677,0,31138,<12,No,No
678,0,7496,<12,No,No
679,0,54338,<12,No,No
680,0,54001,<12,No,No
681,0,13585,16+,No,No
682,0,37823,<12,No,No
683,0,24994,12-15,Yes,No
684,0,39.05,12-15,No,No
685,0,1999,12-15,No,No
686,0,1002,12-15,No,No
687,0,14771,<12,No,No
688,1,1673,<12,No,No
689,0,13916,16+,No,No
690,0,8991,16+,No,No
691,1,10245,<12,No,No
692,1,15915,<12,No,No
693,0,41999,<12,No,No
694,0,41999,<12,No,No
695,0,40903,12-15,No,No
696,0,5818,12-15,No,No
697,0,5999,12-15,No,No
698,1,10664,12-15,No,No
699,1,11502,12-15,No,No
700,0,41173,16+,No,No
701,0,17889,12-15,No,No
702,0,25221,12-15,No,No
703,0,22782,12-15,No,No
704,0,40107,12-15,No,No
705,0,11693,16+,No,No
706,0,4323,16+,No,No
707,0,3995,16+,No,No
708,0,6062,16+,No,No
709,0,10116,16+,No,No
710,1,1588,16+,No,No
711,0,7064,16+,No,No
712,0,23496,12-15,No,No
713,1,20523,12-15,No,No
714,0,44.58,<12,No,No
715,0,31.42,<12,No,No
716,0,31.42,<12,No,No
717,1,7.0445,12-15,No,No
718,0,31441,<12,No,No
719,0,6111,12-15,No,No
720,0,24646,12-15,No,No
721,1,27918,<12,No,No
722,1,12178,12-15,No,No
723,0,2897,12-15,No,No
724,1,1084,<12,No,No
725,1,2.5875,12-15,No,No
726,0,9922,16+,No,No
727,0,18998,12-15,No,No
728,0,17706,12-15,No,No
729,0,2867,12-15,No,No
730,0,41848,<12,Yes,No
731,0,41848,<12,Yes,No
732,1,6834,<12,Yes,No
733,0,7504,<12,Yes,No
734,1,19759,12-15,No,No
735,0,6694,12-15,No,No
736,0,3636,<12,No,No
737,0,50007,<12,No,No
738,0,44235,<12,No,No
739,0,29246,<12,No,No
740,0,8572,<12,No,No
741,0,7.51,12-15,No,No
742,0,52578,<12,No,No
743,0,23411,<12,No,No
744,0,4706,12-15,No,No
745,0,16016,12-15,No,No
746,0,14842,12-15,No,No
747,0,18349,16+,No,No
748,0,18349,16+,No,No
749,0,30998,12-15,No,No
750,0,2428,<12,No,No
751,1,8085,12-15,No,No
752,0,5708,<12,No,No
753,0,9752,16+,No,No
754,1,19414,12-15,No,No
755,0,7504,12-15,No,No
756,0,21741,12-15,No,No
757,0,45867,12-15,No,No
758,0,15784,12-15,No,No
759,0,18664,12-15,No,No
760,0,1697,<12,No,No
761,0,21903,16+,No,No
762,1,20.9175,<12,No,No
763,0,14051,12-15,No,No
764,1,1254,12-15,No,No
765,0,22376,<12,Yes,No
766,0,12939,16+,No,No
767,0,3001,<12,No,No
768,1,14163,<12,No,No
769,0,22919,16+,No,No
770,1,14749,12-15,No,No
771,0,11047,16+,No,No
772,0,2634,12-15,No,No
773,0,7466,16+,No,No
774,1,6.6815,<12,No,No
775,0,24723,12-15,No,No
776,1,12.9915,12-15,No,No
777,0,9517,12-15,No,No
778,0,24723,12-15,No,No
779,0,22686,16+,No,No
780,0,49999,<12,No,No
781,0,50864,<12,No,No
782,0,37517,12-15,No,No
783,0,12183,12-15,No,No
784,0,3984,12-15,No,No
785,0,43874,12-15,No,No
786,0,67255,<12,No,No
787,0,15718,12-15,No,No
788,0,20843,<12,No,No
789,0,9873,12-15,No,No
790,0,33415,12-15,No,No
791,0,19997,12-15,No,No
792,0,28999,<12,No,No
793,0,41251,<12,No,No
794,0,38943,12-15,No,No
795,0,79,<12,No,No
796,0,31179,<12,Yes,No
797,0,45547,12-15,No,No
798,1,33.5795,12-15,No,No
799,0,17016,12-15,No,No
800,0,8227,12-15,No,No
801,0,17016,16+,No,No
802,1,11.9505,16+,No,No
803,0,55669,12-15,No,No
804,0,40452,<12,No,No
805,1,12668,12-15,No,No
806,0,2075,<12,No,No
807,1,6.9265,12-15,No,No
808,1,16293,12-15,No,No
809,0,33665,<12,No,No
810,0,37895,12-15,No,No
811,0,18943,16+,No,No
812,0,30998,<12,No,No
813,0,30998,<12,No,No
814,1,6.4835,16+,No,No
815,0,7244,16+,No,No
816,0,31061,<12,No,No
817,0,32832,<12,No,No
818,1,11168,12-15,No,No
819,0,5665,<12,No,No
820,0,59384,<12,No,No
821,0,24726,12-15,No,No
822,0,24726,12-15,No,No
823,1,15039,<12,No,No
824,1,16.7475,12-15,No,No
825,1,3.4605,12-15,No,No
826,0,2505,12-15,No,No
827,0,24876,16+,No,No
828,0,5796,12-15,Yes,No
829,0,6672,12-15,No,No
830,0,7647,16+,No,No
831,0,28999,16+,Yes,No
832,0,40868,12-15,No,No
833,0,39918,12-15,No,No
834,0,18902,16+,No,No
835,1,7915,12-15,No,No
836,0,7452,<12,No,No
837,0,28.78,16+,No,No
838,1,3581,16+,No,No
839,0,9029,16+,No,No
840,0,20022,16+,No,No
841,0,12142,16+,No,No
842,0,29914,16+,No,No
843,0,48862,<12,No,No
844,0,22376,12-15,No,No
845,0,44824,<12,No,No
846,0,46086,<12,No,No
847,0,37752,<12,No,No
848,0,15765,16+,No,No
849,1,8835,<12,No,No
850,1,34.3685,16+,No,No
851,1,5.9605,<12,No,No
852,0,23496,16+,No,No
853,0,48.32,<12,Yes,No
854,0,19833,16+,No,No
855,1,3833,12-15,No,No
856,0,3732,12-15,No,No
857,0,15012,<12,No,No
858,1,13834,<12,No,No
859,0,44339,<12,Yes,No
860,1,7.3755,12-15,No,No
861,0,73068,<12,No,No
862,1,28.1245,<12,Yes,No
863,1,28.0875,<12,No,No
864,0,41689,<12,No,No
865,0,2001,<12,No,No
866,0,2001,<12,No,No
867,0,6267,<12,No,No
868,1,5.1965,<12,No,No
869,0,19997,12-15,No,No
870,0,42461,16+,No,No
871,0,46.04,12-15,No,No
872,0,2.04,<12,No,No
873,1,14.3735,12-15,No,No
874,0,51852,<12,No,No
875,1,8652,12-15,No,No
876,1,30.7255,<12,No,No
877,0,35619,12-15,No,No
878,0,23754,12-15,No,No
879,0,28.0,16+,No,No
880,1,1.9135,12-15,No,No
881,1,1.4345,<12,No,No
882,0,46004,<12,No,No
883,1,10579,12-15,No,No
884,1,9.1635,<12,No,No
885,0,47833,<12,No,No
886,0,12.0,<12,No,No
887,1,9665,12-15,No,No
888,0,38103,<12,No,No
889,0,12.0,<12,No,No
890,0,37418,12-15,No,No
891,0,23951,16+,No,No
892,0,23951,16+,No,No
893,0,36.0,<12,No,No
894,0,44999,12-15,No,No
895,0,33793,12-15,No,No
896,1,1722,12-15,No,No
897,1,2.9075,<12,No,No
898,0,15001,<12,No,No
899,1,4082,12-15,No,No
900,1,50379,12-15,No,No
901,1,20.7475,<12,No,No
902,0,25405,12-15,No,No
903,1,1.7465,<12,No,No
904,0,25405,12-15,No,No
905,0,47.08,12-15,No,No
906,0,45626,12-15,No,No
907,0,8.14,<12,No,No
908,0,9818,12-15,No,No
909,1,23655,16+,No,No
910,1,4208,12-15,No,No
911,1,13.8345,<12,No,No
912,1,4586,12-15,No,No
913,1,6675,<12,No,No
914,0,40.95,12-15,Yes,No
915,0,1492,12-15,Yes,No
916,0,17999,<12,Yes,No
917,0,14998,<12,Yes,No
918,0,5799,12-15,Yes,No
919,1,11.5425,<12,No,No
920,0,32747,<12,No,No
921,0,51291,<12,No,No
922,1,10305,<12,No,No
923,0,6136,<12,Yes,No
924,0,5577,12-15,Yes,No
925,1,19.9125,12-15,No,No
926,0,41503,16+,No,No
927,0,7069,16+,No,No
928,0,7069,16+,No,No
929,1,31666,<12,No,No
930,0,7767,12-15,No,No
931,0,44873,<12,No,No
932,1,1498,16+,No,No
933,0,26527,12-15,No,No
934,1,21919,16+,No,No
935,0,1843,12-15,No,No
936,1,0.75,12-15,No,Yes
937,0,47543,16+,No,No
938,0,16999,<12,No,No
939,0,47943,12-15,No,No
940,0,14998,12-15,No,No
941,1,4145,12-15,No,No
942,0,10793,12-15,No,No
943,0,26497,12-15,No,No
944,0,13744,12-15,No,No
945,0,43001,<12,No,No
946,0,43001,<12,No,No
947,0,49248,12-15,No,No
948,0,3255,12-15,No,No
949,0,24999,12-15,No,No
950,0,43997,<12,No,No
951,1,8041,12-15,No,No
952,0,11926,12-15,No,No
953,0,17591,16+,No,No
954,1,18.42,12-15,No,No
955,1,12085,12-15,No,No
956,1,9.7745,12-15,No,No
957,0,16252,<12,No,No
958,0,31.34,12-15,No,No
959,0,31.34,12-15,No,No
960,0,44027,<12,No,No
961,0,43581,12-15,No,No
962,0,7.83,12-15,No,No
963,1,10872,12-15,No,No
964,1,10.0725,12-15,No,No
965,0,26.42,12-15,No,No
966,0,44435,16+,No,No
967,0,21038,12-15,Yes,No
968,0,14935,16+,No,No
969,0,6001,12-15,No,No
970,0,29982,12-15,No,No
971,0,34.79,16+,No,No
972,0,34.79,16+,No,No
973,0,5032,<12,No,No
974,0,46762,<12,No,No
975,0,1624,12-15,No,No
976,0,26.42,16+,No,No
977,0,32545,16+,No,No
978,0,19926,16+,No,No
979,0,53749,16+,No,No
980,1,2998,12-15,No,No
981,0,18157,16+,No,No
982,0,53391,<12,No,No
983,0,26667,12-15,No,No
984,1,20.0,12-15,No,No
985,0,54226,<12,No,No
986,0,19.94,<12,No,No
987,1,4.58,16+,No,No
988,0,15162,12-15,No,No
989,0,27997,12-15,No,No
990,1,18338,<12,No,No
991,0,20611,12-15,No,No
992,0,10752,16+,No,No
993,0,39422,16+,No,No
994,0,12649,16+,No,No
995,0,5569,12-15,No,No
996,1,5498,12-15,No,No
997,0,46653,16+,No,No
998,0,48895,<12,No,No
999,0,6278,12-15,No,No
1000,0,6278,12-15,No,No
1001,0,6114,<12,No,No
1002,0,62752,12-15,No,No
1003,0,32422,12-15,No,No
1004,0,48463,12-15,No,No
1005,0,32167,<12,No,No
1006,1,22497,<12,Yes,Yes
1007,0,13996,12-15,No,No
1008,0,7001,12-15,Yes,No
1009,0,35253,12-15,No,No
1010,0,6653,<12,Yes,No
1011,0,6653,<12,Yes,No
1012,0,12.0,<12,No,No
1013,1,16.7285,<12,No,Yes
1014,0,9829,12-15,No,No
1015,0,43001,<12,No,No
1016,0,43001,<12,No,No
1017,0,54067,<12,No,No
1018,0,54831,<12,No,No
1019,0,42004,<12,No,No
1020,0,9372,16+,No,No
1021,0,32003,<12,No,No
1022,0,38001,<12,No,No
1023,0,5038,12-15,No,No
1024,1,3525,16+,No,No
1025,1,20463,12-15,No,No
1026,0,25892,12-15,No,No
1027,0,49629,12-15,No,No
1028,0,42604,<12,No,No
1029,0,33309,12-15,No,No
1030,0,9796,12-15,No,No
1031,0,21131,12-15,No,No
1032,1,19499,<12,No,No
1033,0,22001,16+,No,No
1034,0,4003,<12,No,No
1035,1,1166,<12,No,No
1036,0,36082,12-15,No,No
1037,0,8753,16+,No,No
1038,1,6634,12-15,No,No
1039,1,13.2485,12-15,No,No
1040,0,31748,16+,No,No
1041,0,3551,12-15,No,No
1042,0,34352,12-15,No,No
1043,0,52498,12-15,No,No
1044,0,7518,12-15,No,No
1045,0,36.0,12-15,No,No
1046,0,7001,16+,No,No
1047,0,7001,16+,No,No
1048,0,39329,12-15,No,No
1049,0,1823,16+,No,No
1050,0,30415,12-15,No,No
1051,0,4594,<12,No,No
1052,0,4594,12-15,No,No
1053,0,22305,12-15,No,No
1054,1,20334,16+,No,No
1055,1,20334,12-15,No,No
1056,0,37793,12-15,No,No
1057,1,25.8315,<12,No,No
1058,1,22.5,12-15,No,No
1059,0,42623,16+,No,No
1060,0,32813,16+,No,No
1061,0,8819,16+,No,No
1062,0,46456,16+,No,No
1063,0,2267,16+,No,No
1064,1,1336,16+,No,No
1065,0,62338,12-15,Yes,No
1066,0,36.75,<12,Yes,No
1067,0,36.75,<12,Yes,No
1068,1,19.9535,<12,No,No
1069,1,24431,12-15,No,No
1070,0,51874,<12,No,No
1071,0,10919,12-15,No,No
1072,0,34338,16+,No,No
1073,1,20999,12-15,No,No
1074,1,9914,12-15,No,No
1075,0,15302,<12,No,No
1076,0,62084,12-15,No,No
1077,1,9084,12-15,No,No
1078,0,24.58,12-15,No,No
1079,0,11324,<12,No,No
1080,1,6497,12-15,No,No
1081,1,6497,12-15,No,No
1082,0,32337,<12,No,No
1083,0,25.47,12-15,No,No
1084,0,29771,12-15,No,No
1085,0,17292,12-15,No,No
1086,1,20.03,12-15,No,No
1087,0,2861,12-15,No,No
1088,1,5.5165,<12,No,No
1089,1,4.6135,<12,No,No
1090,1,10166,12-15,No,No
1091,0,12753,12-15,No,No
1092,0,47009,<12,No,No
1093,0,18864,<12,No,No
1094,0,38732,<12,No,No
1095,0,56041,12-15,No,No
1096,0,41388,<12,No,No
1097,1,23732,12-15,No,No
1098,1,8.9145,12-15,No,No
1099,0,21339,16+,No,No
1100,0,27817,<12,No,No
1101,1,7.0825,12-15,No,No
1102,0,24016,<12,No,No
1103,0,41128,12-15,No,No
1104,0,24999,12-15,No,No
1105,1,17.6005,12-15,No,No
1106,1,6.3325,12-15,No,Yes
1107,0,35803,<12,No,No
1108,1,1.9165,<12,No,No
1109,0,9374,12-15,No,No
1110,0,53155,12-15,No,No
1111,0,15058,12-15,No,No
1112,0,15058,12-15,No,No
1113,0,6987,12-15,No,No
1114,0,4016,12-15,No,No
1115,0,41.12,16+,No,No
1116,0,49999,<12,No,No
1117,0,38571,<12,No,No
1118,0,22401,16+,No,No
1119,1,15.0005,<12,Yes,Yes
1120,1,2505,16+,No,No
1121,0,28074,16+,No,No
1122,0,3017,12-15,No,No
1123,0,45733,12-15,No,No
1124,0,33013,<12,No,No
1125,0,23578,12-15,No,No
1126,0,23578,12-15,No,No
1127,1,21.6785,<12,No,No
1128,0,13969,12-15,No,No
1129,1,10486,<12,No,No
1130,1,5667,<12,No,No
1131,1,9.9135,<12,No,No
1132,1,5.2485,16+,No,No
1133,0,4835,12-15,No,No
1134,0,5684,<12,No,No
1135,0,62.33,<12,No,No
1136,0,43882,12-15,No,No
1137,1,4082,16+,No,No
1138,0,50502,<12,No,No
1139,0,50163,<12,Yes,No
1140,1,16082,16+,No,No
1141,0,9555,16+,No,No
1142,0,9555,16+,No,No
1143,1,4704,12-15,No,No
1144,0,43313,12-15,No,No
1145,0,25722,12-15,No,No
1146,0,53985,<12,No,No
1147,1,4668,12-15,No,No
1148,0,1777,12-15,No,No
1149,1,1511,12-15,No,No
1150,1,9.0105,12-15,No,No
1151,0,14097,12-15,No,No
1152,1,19.8575,<12,No,No
1153,0,7997,12-15,No,No
1154,0,27409,12-15,No,No
1155,0,39362,12-15,No,No
1156,0,16.78,16+,No,No
1157,0,12597,12-15,No,No
1158,0,9591,12-15,Yes,No
1159,0,25013,12-15,No,No
1160,0,34.1,<12,Yes,No
1161,1,3.2085,<12,Yes,No
1162,1,4022,12-15,Yes,No
1163,0,10001,12-15,No,No
1164,0,64255,<12,No,No
1165,0,23619,12-15,No,No
1166,0,14746,<12,No,No
1167,0,14746,12-15,No,No
1168,1,20.5205,12-15,Yes,No
1169,0,734,12-15,Yes,No
1170,0,1169,12-15,Yes,No
1171,0,3173,12-15,Yes,No
1172,0,42251,12-15,No,No
1173,0,19576,12-15,No,No
1174,0,28999,<12,No,No
1175,0,27477,<12,No,No
1176,0,18163,12-15,No,No
1177,0,11455,12-15,No,No
1178,1,15.2885,12-15,No,No
1179,0,31.91,12-15,No,No
1180,1,1.4155,12-15,No,No
1181,0,61498,<12,Yes,No
1182,0,61498,<12,Yes,No
1183,1,7.6575,12-15,Yes,No
1184,0,25309,<12,Yes,No
1185,0,31775,12-15,No,No
1186,1,7.4115,12-15,No,No
1187,0,19173,12-15,No,No
1188,1,4134,<12,No,No
1189,0,3253,12-15,No,No
1190,0,24917,12-15,Yes,No
1191,0,641,12-15,No,No
1192,1,8.0435,12-15,No,No
1193,0,13437,16+,No,No
1194,0,13437,16+,No,No
1195,1,13699,12-15,No,No
1196,0,20654,16+,No,No
1197,0,19441,12-15,No,No
1198,0,25999,<12,No,No
1199,1,9465,<12,No,No
1200,0,8468,12-15,No,No
1201,0,27335,12-15,No,No
1202,0,40805,12-15,No,No
1203,1,4337,12-15,No,No
1204,1,21665,12-15,No,No
1205,0,36945,<12,No,No
1206,0,36945,12-15,No,No
1207,0,2075,<12,No,No
1208,0,18795,12-15,No,No
1209,1,7.2495,12-15,No,No
1210,0,32172,12-15,No,No
1211,0,24726,12-15,No,No
1212,1,13974,16+,No,No
1213,0,38916,12-15,No,No
1214,0,15934,16+,No,No
1215,0,15934,16+,No,No
1216,0,11165,<12,No,No
1217,0,52.0,12-15,No,No
1218,0,54595,12-15,No,No
1219,1,2166,12-15,No,No
1220,1,5084,12-15,No,No
1221,0,49999,12-15,No,No
1222,0,38494,<12,No,No
1223,0,17.67,12-15,No,No
1224,0,21066,12-15,No,No
1225,0,59206,<12,Yes,No
1226,0,34609,<12,No,No
1227,0,47759,<12,No,No
1228,1,6248,<12,No,No
1229,0,6289,12-15,No,No
1230,0,40695,12-15,No,No
1231,1,10.9155,<12,No,No
1232,0,16227,12-15,No,No
1233,0,4003,16+,No,No
1234,0,54845,<12,No,No
1235,1,1665,16+,No,No
1236,0,43.11,12-15,No,No
1237,0,38212,12-15,No,No
1238,0,43964,<12,No,No
1239,1,13.2485,16+,No,No
1240,1,9128,16+,No,No
1241,0,42823,12-15,No,No
1242,0,20843,12-15,No,No
1243,1,3417,12-15,No,No
1244,1,29.0815,12-15,No,No
1245,0,5.12,16+,No,No
1246,0,14795,12-15,No,No
1247,0,14795,12-15,No,No
1248,1,3.1295,12-15,Yes,Yes
1249,1,5.2215,16+,No,No
1250,1,1.1635,12-15,No,No
1251,0,17848,12-15,No,No
1252,0,16096,12-15,No,No
1253,1,3.0005,12-15,No,No
1254,0,16096,12-15,No,No
1255,0,30335,12-15,No,No
1256,0,5.15,<12,No,No
1257,0,15751,12-15,No,No
1258,0,17511,16+,No,No
1259,0,16.0,12-15,No,No
1260,0,56903,12-15,No,No
1261,0,30275,12-15,No,No
1262,0,37317,12-15,No,No
1263,1,4.0,12-15,No,No
1264,0,14771,12-15,No,No
1265,0,52151,12-15,No,No
1266,0,7811,16+,No,No
1267,1,5.4975,<12,No,No
1268,0,18001,12-15,No,No
1269,0,31083,12-15,No,No
1270,0,47233,<12,No,No
1271,0,58001,<12,No,No
1272,0,8509,16+,No,No
1273,0,44244,12-15,No,No
1274,0,54.68,<12,No,No
1275,1,19915,16+,No,No
1276,1,6.0015,<12,No,No
1277,0,33662,16+,No,No
1278,0,34.16,16+,No,No
1279,0,6297,12-15,No,No
1280,1,15165,16+,No,No
1281,0,25916,16+,No,No
1282,0,1656,12-15,No,No
1283,0,12879,12-15,No,No
1284,0,10546,12-15,No,No
1285,0,10913,16+,No,No
1286,1,12501,16+,No,No
1287,1,8.9995,16+,No,No
1288,1,1.8645,12-15,No,No
1289,0,13.73,16+,No,No
1290,0,8643,16+,No,Yes
1291,1,23.0855,12-15,No,No
1292,0,51863,12-15,No,No
1293,0,51863,12-15,No,No
1294,0,24999,<12,Yes,No
1295,0,42998,<12,No,No
1296,0,3072,16+,No,No
1297,0,22119,12-15,No,No
1298,0,43625,12-15,Yes,No
1299,0,1733,<12,Yes,No
1300,1,15354,<12,No,Yes
1301,1,24.0465,<12,Yes,No
1302,1,15083,<12,Yes,No
1303,0,18064,12-15,No,No
1304,1,5.2125,12-15,No,No
1305,0,3483,12-15,No,No
1306,0,52164,12-15,No,No
1307,1,2001,<12,No,No
1308,0,2637,12-15,No,No
1309,0,10809,<12,No,No
1310,0,40416,<12,No,No
1311,0,20602,12-15,No,No
1312,0,32695,<12,No,No
1313,0,4775,12-15,No,No
1314,0,46538,<12,No,No
1315,1,21.5825,12-15,No,No
1316,1,14.4145,12-15,No,No
1317,0,6735,12-15,No,No
1318,1,1.6645,16+,No,No
1319,1,4334,12-15,No,No
1320,0,3003,<12,No,No
1321,0,14973,<12,No,No
1322,0,26623,12-15,No,No
1323,0,50568,16+,No,No
1324,1,15406,16+,No,No
1325,0,17969,12-15,No,No
1326,1,6.7485,12-15,No,No
1327,0,2976,<12,No,No
1328,1,8.26,12-15,No,No
1329,0,21999,12-15,No,No
1330,0,33109,<12,No,No
1331,0,24413,12-15,No,No
1332,0,40071,16+,No,No
1333,0,11061,12-15,No,No
1334,0,1955,12-15,No,No
1335,0,12099,16+,No,No
1336,0,8.92,16+,No,No
1337,0,17999,12-15,No,No
1338,0,41588,12-15,No,No
1339,0,42.42,12-15,No,No
1340,0,33914,16+,No,No
1341,0,6653,12-15,No,Yes
1342,0,17643,12-15,No,No
1343,0,17643,12-15,No,No
1344,0,22617,12-15,No,No
1345,1,7.1895,<12,No,No
1346,1,19.2525,<12,No,No
1347,1,3.0005,<12,No,No
1348,1,36.0,<12,No,Yes
1349,0,17.93,12-15,Yes,No
1350,0,679,12-15,Yes,No
1351,1,2776,12-15,No,No
1352,0,45081,<12,No,No
1353,0,45081,<12,No,No
1354,1,6664,<12,No,No
1355,1,6385,<12,No,No
1356,0,24038,<12,Yes,No
1357,1,6.59,12-15,No,No
1358,0,3014,16+,No,No
1359,0,63376,16+,No,No
1360,0,63335,16+,No,No
1361,0,38141,12-15,No,No
1362,0,10486,12-15,No,No
1363,1,15915,<12,No,No
1364,0,62084,16+,No,No
1365,1,6.7845,16+,No,No
1366,1,24887,12-15,No,No
1367,1,22523,<12,No,No
1368,0,51362,<12,No,No
1369,0,61678,12-15,No,No
1370,1,10.6285,<12,No,No
1371,1,2.7485,<12,No,No
1372,1,25955,<12,No,No
1373,1,4.0245,<12,No,No
1374,0,22418,<12,No,No
1375,0,846,12-15,No,No
1376,0,8.63,12-15,No,No
1377,0,8843,12-15,No,No
1378,0,38897,<12,No,No
1379,0,47734,16+,No,No
1380,0,34987,12-15,No,No
1381,0,36249,<12,No,No
1382,0,15132,12-15,No,No
1383,0,7956,<12,No,No
1384,0,29971,12-15,No,No
1385,0,13602,12-15,No,No
1386,0,13684,12-15,No,No
1387,0,10968,12-15,No,No
1388,0,45399,16+,No,No
1389,0,15877,12-15,No,No
1390,0,646,12-15,No,No
1391,0,4162,12-15,No,No
1392,0,7.45,12-15,No,No
1393,0,13927,<12,No,No
1394,0,1309,12-15,No,No
1395,0,22998,12-15,No,No
1396,1,14601,12-15,No,No
1397,0,24999,<12,No,No
1398,0,25279,12-15,No,No
1399,0,48485,<12,No,No
1400,0,49248,<12,No,No
1401,0,21914,12-15,No,No
1402,1,583,12-15,No,No
1403,1,9.5635,12-15,No,No
1404,0,2423,12-15,No,No
1405,0,4.0,12-15,No,No
1406,0,14773,12-15,No,No
1407,1,3.8985,12-15,No,No
1408,0,9862,<12,No,No
1409,0,9862,12-15,No,No
1410,0,20835,<12,No,No
1411,0,16901,12-15,No,No
1412,0,9142,12-15,No,No
1413,0,6795,<12,No,No
1414,0,22256,<12,No,No
1415,0,9936,<12,No,No
1416,0,40914,12-15,No,No
1417,0,2185,12-15,Yes,No
1418,1,2.5545,<12,Yes,No
1419,0,28112,12-15,No,No
1420,1,8049,<12,No,No
1421,0,47.42,12-15,No,No
1422,0,761,16+,No,No
1423,0,46642,16+,No,No
1424,0,19061,12-15,No,No
1425,1,3.7755,12-15,No,No
1426,0,17689,12-15,No,No
1427,0,10.7,16+,No,No
1428,0,4.0,12-15,No,No
1429,1,24846,16+,No,No
1430,1,19789,<12,No,Yes
1431,0,2716,12-15,Yes,No
1432,0,20504,12-15,No,No
1433,0,19.94,16+,No,No
1434,0,20923,12-15,No,No
1435,0,31811,12-15,No,No
1436,1,6.2725,12-15,No,No
1437,0,42502,<12,No,Yes
1438,1,20.6245,<12,No,Yes
1439,0,8.0,16+,No,No
1440,0,26998,12-15,No,No
1441,0,26998,<12,No,No
1442,1,8.4955,12-15,No,No
1443,1,1591,16+,No,No
1444,1,3083,<12,No,No
1445,1,3083,12-15,No,No
1446,0,5254,12-15,No,No
1447,0,10311,<12,No,No
1448,0,47907,<12,No,No
1449,0,47028,<12,No,No
1450,0,52917,16+,No,No
1451,0,52917,12-15,No,No
1452,0,49944,12-15,No,No
1453,0,29982,12-15,No,No
1454,0,57166,12-15,No,No
1455,1,24999,<12,No,Yes
1456,1,22453,12-15,No,No
1457,0,45169,12-15,No,Yes
1458,1,0.4985,12-15,No,Yes
1459,1,16252,12-15,No,No
1460,0,21949,12-15,No,No
1461,0,11053,12-15,No,No
1462,0,3168,12-15,No,No
1463,1,1.0595,12-15,No,No
1464,0,6188,16+,No,No
1465,0,9656,12-15,No,No
1466,0,6188,16+,No,No
1467,0,49687,12-15,No,No
1468,0,20285,12-15,No,No
1469,0,46905,12-15,No,No
1470,0,46905,12-15,No,No
1471,0,38998,12-15,No,No
1472,0,21651,16+,No,No
1473,0,34598,12-15,No,No
1474,0,14052,12-15,No,No
1475,0,15218,12-15,No,No
1476,1,27.42,<12,No,No
1477,0,4758,<12,No,No
1478,0,4758,16+,No,No
1479,0,1038,12-15,No,No
1480,1,25169,16+,No,No
1481,0,0.81,12-15,No,No
1482,0,18179,12-15,No,No
1483,0,42103,16+,No,No
1484,0,9.81,16+,No,No
1485,1,5667,12-15,No,No
1486,0,49539,12-15,No,No
1487,0,2001,12-15,No,No
1488,1,9.3345,<12,No,No
1489,0,20789,<12,No,No
1490,0,9213,12-15,No,No
1491,0,8794,12-15,No,No
1492,0,36586,<12,No,No
1493,1,5747,12-15,No,No
1494,0,51458,<12,No,No
1495,0,35.17,12-15,No,No
1496,0,25999,<12,Yes,No
1497,1,101,<12,No,No
1498,1,3751,12-15,No,No
1499,1,2.6585,12-15,Yes,No
1500,1,27.4275,12-15,No,No
1501,0,11992,12-15,No,No
1502,0,7003,12-15,No,No
1503,1,15.25,12-15,No,No
1504,0,19066,12-15,No,No
1505,0,8616,<12,No,No
1506,0,13733,16+,No,No
1507,1,26.8335,12-15,No,No
1508,0,64394,12-15,No,No
1509,0,64394,<12,No,No
1510,0,20846,<12,No,No
1511,0,6768,12-15,No,No
1512,1,6.8805,16+,No,No
1513,0,31647,12-15,No,No
1514,1,3748,12-15,No,Yes
1515,0,5421,16+,No,No
1516,0,45418,<12,No,No
1517,1,3.4555,12-15,No,No
1518,0,17947,12-15,No,No
1519,0,46984,<12,No,No
1520,1,4575,12-15,No,No
1521,1,16.17,16+,No,No
1522,1,16.17,<12,No,No
1523,0,4679,16+,No,No
1524,1,19165,16+,No,No
1525,0,25435,16+,No,No
1526,0,25435,16+,No,No
1527,0,12999,<12,No,No
1528,0,23376,16+,No,No
1529,0,26001,<12,No,No
1530,1,24027,12-15,No,No
1531,1,14059,<12,No,No
1532,0,252,12-15,No,No
1533,0,252,12-15,No,No
1534,1,3.6715,12-15,No,No
1535,1,5.0405,12-15,No,No
1536,0,23414,16+,No,No
1537,1,15.3375,12-15,No,No
1538,1,23499,12-15,Yes,No
1539,1,13002,<12,Yes,No
1540,0,45383,<12,No,No
1541,0,12.0,12-15,No,No
1542,0,11001,12-15,No,No
1543,0,53821,12-15,No,No
1544,0,25999,12-15,No,No
1545,0,34.5,12-15,No,No
1546,0,13993,12-15,No,No
1547,0,6031,<12,No,No
1548,1,1818,12-15,No,No
1549,0,38155,<12,No,No
1550,0,5005,12-15,No,No
1551,0,38845,<12,No,No
1552,0,40118,<12,No,No
1553,0,7266,<12,No,No
1554,0,14097,12-15,No,No
1555,1,7417,12-15,No,No
1556,0,3559,<12,No,No
1557,0,43496,12-15,No,No
1558,0,47264,12-15,No,No
1559,1,28249,12-15,No,No
1560,0,3499,12-15,No,No
1561,0,42431,<12,No,No
1562,0,39168,12-15,No,No
1563,0,19951,12-15,No,No
1564,0,1164,12-15,No,No
1565,0,25818,12-15,No,No
1566,0,6.47,12-15,No,No
1567,0,12233,12-15,No,No
1568,1,10086,12-15,No,No
1569,1,25696,12-15,No,No
1570,0,58363,<12,No,No
1571,0,3526,12-15,No,No
1572,0,55.51,<12,No,No
1573,0,19559,<12,No,No
1574,1,6801,<12,No,No
1575,0,8616,12-15,No,No
1576,0,44085,<12,No,No
1577,0,25588,12-15,No,No
1578,0,19611,<12,Yes,No
1579,1,11.2495,12-15,No,No
1580,0,5002,12-15,No,No
1581,0,26771,12-15,No,No
1582,1,8764,12-15,No,No
1583,0,21372,12-15,No,No
1584,0,7838,12-15,No,No
1585,0,30.93,12-15,No,No
1586,0,32.0,<12,No,No
1587,0,18144,12-15,No,No
1588,1,1333,12-15,No,No
1589,1,5.7495,12-15,No,No
1590,0,27001,12-15,No,No
1591,0,24641,12-15,No,No
1592,1,1.1665,<12,No,No
1593,0,3885,<12,No,No
1594,0,27581,12-15,No,No
1595,1,4.4435,<12,No,No
1596,1,4.9995,<12,No,No
1597,0,21561,12-15,No,No
1598,0,21336,12-15,No,No
1599,0,39641,12-15,No,No
1600,0,17142,12-15,No,No
1601,0,16337,12-15,No,No
1602,0,17142,12-15,No,No
1603,0,61667,12-15,No,No
1604,1,17112,12-15,No,No
1605,0,11436,<12,No,No
1606,0,47671,12-15,No,No
1607,0,2872,<12,No,No
1608,1,14.6695,12-15,No,No
1609,1,14.6695,12-15,No,No
1610,1,5.5825,<12,No,No
1611,0,43042,16+,No,No
1612,1,2.9185,12-15,No,No
1613,0,11896,12-15,No,No
1614,0,8953,12-15,No,No
1615,0,43573,12-15,No,No
1616,0,2634,12-15,No,No
1617,1,6.2095,12-15,No,No
1618,0,16329,12-15,No,No
1619,1,24.4435,<12,No,No
1620,0,52.0,12-15,No,No
1621,1,9.1665,<12,No,No
1622,1,4.3285,<12,No,No
1623,0,10412,<12,No,No
1624,0,46524,16+,No,No
1625,1,3.5015,<12,No,No
1626,0,7409,12-15,No,No
1627,0,3001,12-15,No,Yes
1628,1,25.4235,<12,No,No
1629,0,3001,<12,No,No
1630,1,27.0825,16+,No,No
1631,0,24586,12-15,No,No
1632,0,7828,16+,No,No
1633,1,10998,12-15,No,No
1634,0,745,<12,No,No
1635,1,3.0035,<12,No,No
1636,0,24249,<12,No,Yes
1637,0,23.45,16+,No,No
1638,1,20.1095,<12,No,No
1639,0,22656,<12,No,No
1640,0,25.01,<12,No,No
1641,0,14743,12-15,Yes,No
1642,0,48999,16+,No,No
1643,1,4203,<12,No,No
1644,0,54418,<12,No,No
1645,0,13279,12-15,No,No
1646,0,25.35,12-15,No,No
1647,0,32791,<12,No,No
1648,0,7663,12-15,No,No
1649,0,17823,12-15,No,No
1650,0,999,<12,No,No
1651,1,2.0455,<12,No,No
1652,1,3113,12-15,No,No
1653,0,53993,12-15,No,No
1654,0,53993,12-15,No,No
1655,0,30916,<12,No,No
1656,0,26015,<12,No,No
1657,0,26762,12-15,No,No
1658,1,3.1235,<12,No,No
1659,1,9495,<12,No,No
1660,1,9347,<12,No,No
1661,0,40698,12-15,No,No
1662,0,7584,12-15,No,No
1663,1,11748,<12,No,No
1664,0,50494,12-15,No,No
1665,0,22992,12-15,No,No
1666,1,10338,12-15,No,No
1667,0,40093,<12,No,No
1668,0,40093,<12,No,No
1669,0,18519,12-15,No,No
1670,0,9437,<12,No,No
1671,0,9437,12-15,No,No
1672,0,26554,12-15,No,No
1673,0,26554,12-15,No,No
1674,0,238,12-15,Yes,No
1675,1,498,12-15,Yes,No
1676,1,11028,12-15,Yes,No
1677,0,45.96,12-15,No,No
1678,0,34502,12-15,No,No
1679,1,13.7505,12-15,No,No
1680,0,5451,12-15,No,No
1681,1,7915,12-15,No,No
1682,1,9.7195,12-15,No,No
1683,1,2.4175,12-15,No,No
1684,0,55.42,<12,No,Yes
1685,0,15995,<12,Yes,Yes
1686,0,4958,12-15,Yes,No
1687,0,15995,12-15,Yes,Yes
1688,0,28008,12-15,No,No
1689,0,1002,12-15,No,No
1690,1,14749,12-15,No,No
1691,0,42023,12-15,No,No
1692,0,42023,<12,No,No
1693,0,5235,12-15,No,No
1694,1,3.2495,12-15,No,No
1695,0,51.57,<12,No,No
1696,0,38585,12-15,No,No
1697,0,20.0,12-15,No,No
1698,0,15997,12-15,No,No
1699,0,15997,12-15,No,No
1700,0,24999,12-15,No,No
1701,1,5421,16+,No,No
1702,0,3447,<12,No,No
1703,0,9999,12-15,No,No
1704,0,37999,16+,No,No
1705,1,22.4995,12-15,Yes,No
1706,1,4.4575,16+,No,Yes
1707,1,12.4995,12-15,No,No
1708,0,8.35,<12,No,No
1709,0,11532,12-15,No,No
1710,0,18237,12-15,No,No
1711,0,18237,12-15,No,No
1712,0,54.91,12-15,No,No
1713,1,1752,12-15,No,No
1714,0,14998,16+,No,No
1715,0,12.0,12-15,No,No
1716,0,48999,<12,No,No
1717,0,41947,12-15,No,No
1718,0,17506,16+,No,No
1719,0,17506,16+,No,No
1720,0,1465,12-15,No,No
1721,1,5829,12-15,No,No
1722,0,37158,12-15,No,No
1723,0,29999,<12,No,No
1724,0,1407,12-15,No,No
1725,0,9999,12-15,No,No
1726,1,1.1585,12-15,No,No
1727,1,9999,16+,No,No
1728,0,12769,<12,No,No
1729,0,44999,<12,No,Yes
1730,1,12.8295,12-15,Yes,No
1731,0,40854,<12,Yes,No
1732,1,5081,12-15,No,No
1733,0,18875,12-15,No,No
1734,0,21352,12-15,No,No
1735,0,18804,16+,No,No
1736,0,15064,12-15,No,No
1737,1,8.0,12-15,No,No
1738,0,37999,12-15,No,No
1739,0,29355,12-15,No,No
1740,0,4794,16+,No,No
1741,0,13372,12-15,No,Yes
1742,0,35.08,12-15,No,No
1743,0,35.08,12-15,No,No
1744,0,2.79,16+,No,No
1745,1,24446,12-15,No,No
1746,1,19.42,12-15,No,No
1747,1,10.0835,12-15,No,No
1748,0,4789,<12,No,No
1749,0,13697,12-15,No,No
1750,1,10.59,12-15,No,No
1751,0,24999,12-15,No,No
1752,0,16.0,12-15,No,No
1753,0,12739,16+,No,No
1754,0,21648,<12,No,No
1755,0,19058,12-15,No,No
1756,0,20424,12-15,No,No
1757,0,54251,12-15,No,No
1758,0,25194,12-15,No,No
1759,0,2623,<12,No,No
1760,0,18579,12-15,No,No
1761,0,17413,<12,No,No
1762,0,30773,12-15,No,No
1763,0,5424,12-15,No,No
1764,0,608,12-15,No,No
1765,0,23414,12-15,No,No
1766,1,0.5145,<12,No,No
1767,0,13999,<12,No,No
1768,0,13999,<12,No,No
1769,1,22442,12-15,No,No
1770,0,38612,16+,No,No
1771,0,4994,12-15,No,No
1772,0,28.14,12-15,No,No
1773,0,24.0,<12,No,No
1774,0,57062,<12,No,No
1775,0,48.17,<12,No,No
1776,0,23.4,12-15,No,No
1777,0,27343,12-15,No,No
1778,1,16832,12-15,No,No
1779,1,999,<12,No,No
1780,1,1503,12-15,No,No
1781,1,25718,<12,Yes,No
1782,0,33752,<12,No,Yes
1783,0,22428,<12,Yes,No
1784,0,27406,<12,No,No
1785,0,115,<12,No,No
1786,0,52172,16+,No,No
1787,0,52172,12-15,No,No
1788,1,19.0825,16+,No,No
1789,1,19.0825,16+,No,No
1790,0,32923,12-15,Yes,No
1791,0,8613,16+,No,No
1792,0,1413,12-15,No,No
1793,0,8.0,16+,No,No
1794,0,48422,<12,No,No
1795,0,24526,<12,No,No
1796,0,22467,12-15,No,No
1797,1,0.8735,<12,No,No
1798,1,3921,12-15,No,No
1799,0,9.27,<12,No,No
1800,1,29.4125,<12,Yes,Yes
1801,0,13032,12-15,Yes,No
1802,0,63.45,<12,No,No
1803,0,43953,12-15,No,No
1804,1,3.4965,12-15,No,No
1805,0,34691,<12,No,No
1806,1,5.8755,<12,No,No
1807,1,1.7605,12-15,No,No
1808,0,16249,12-15,No,No
1809,0,8534,12-15,No,No
1810,0,12.2,12-15,No,No
1811,1,9.4155,16+,No,No
1812,1,9.4155,16+,No,No
1813,0,46582,12-15,No,No
1814,1,3.5045,12-15,No,No
1815,0,46705,16+,No,No
1816,0,20824,16+,No,No
1817,1,6.0015,16+,No,No
1818,1,18086,16+,No,No
1819,1,6.0015,12-15,No,No
1820,1,25.6235,16+,No,No
1821,1,23.0005,12-15,No,No
1822,0,20999,12-15,No,No
1823,0,30998,12-15,No,No
1824,1,14.0835,16+,No,No
1825,0,16816,12-15,No,No
1826,0,9.58,<12,No,No
1827,0,35669,<12,No,No
1828,0,40219,<12,No,No
1829,0,252,12-15,No,No
1830,0,252,12-15,No,No
1831,0,56761,12-15,No,No
1832,1,7.6335,12-15,Yes,No
1833,1,3332,<12,Yes,No
1834,1,7.0475,12-15,No,No
1835,0,999,12-15,No,No
1836,1,23.8305,12-15,No,No
1837,1,6338,12-15,No,No
1838,0,3904,12-15,No,No
1839,1,26.5245,12-15,No,No
1840,1,6.5025,12-15,No,No
1841,0,25999,12-15,Yes,No
1842,0,17793,12-15,No,No
1843,0,1574,<12,No,No
1844,1,6.4995,12-15,No,No
1845,1,17.58,12-15,No,No
1846,1,29.7875,12-15,No,No
1847,0,15669,12-15,No,No
1848,1,18311,<12,Yes,No
1849,1,18.7955,<12,No,Yes
1850,0,9897,12-15,Yes,No
1851,1,19.6225,<12,No,Yes
1852,1,419,12-15,No,No
1853,1,15.7355,<12,No,No
1854,0,2973,<12,No,No
1855,0,2973,12-15,No,No
1856,1,9.7635,<12,No,No
1857,0,14749,<12,No,No
1858,0,26998,12-15,No,No
1859,0,47.86,16+,No,No
1860,0,18166,16+,No,No
1861,0,1719,<12,No,No
1862,0,18598,12-15,No,No
1863,0,40411,16+,No,No
1864,0,20925,16+,No,No
1865,0,13511,16+,No,No
1866,0,18505,<12,No,No
1867,1,6.2835,16+,No,No
1868,1,6664,12-15,No,No
1869,0,14327,12-15,No,No
1870,0,33999,12-15,No,No
1871,0,32819,12-15,No,No
1872,0,9914,12-15,No,Yes
1873,0,49.99,<12,No,No
1874,0,49.99,<12,No,No
1875,0,45758,<12,No,No
1876,1,27499,<12,No,No
1877,0,28936,12-15,No,No
1878,1,7.1265,16+,No,No
1879,0,846,16+,No,No
1880,1,16616,12-15,No,No
1881,0,16104,12-15,No,No
1882,1,4.9145,<12,No,No
1883,0,24142,16+,No,No
1884,0,46.1,12-15,No,No
1885,1,23.7455,12-15,No,No
1886,0,57561,12-15,No,No
1887,0,17947,16+,No,No
1888,0,17947,16+,No,No
1889,0,50103,12-15,No,No
1890,0,50103,12-15,No,No
1891,1,7.0005,<12,No,No
1892,0,28997,<12,No,No
1893,0,8.52,12-15,No,No
1894,0,22001,12-15,No,No
1895,0,46.24,<12,Yes,No
1896,0,60882,12-15,No,No
1897,1,8.7475,16+,No,No
1898,0,4865,12-15,No,No
1899,0,17177,12-15,No,No
1900,0,21092,12-15,No,No
1901,0,55.14,<12,No,No
1902,0,43984,<12,No,No
1903,0,49142,<12,No,No
1904,1,15617,12-15,No,No
1905,0,17722,12-15,No,No
1906,0,32419,12-15,No,No
1907,1,2.0015,<12,No,No
1908,0,38743,<12,No,No
1909,0,50.24,<12,No,No
1910,0,1415,<12,No,No
1911,0,27023,12-15,No,No
1912,1,9.3745,12-15,No,No
1913,1,4.0,12-15,No,No
1914,0,26196,16+,No,No
1915,0,14001,12-15,No,No
1916,0,14001,12-15,No,No
1917,1,22582,<12,No,Yes
1918,0,23351,12-15,No,No
1919,1,11923,<12,No,No
1920,1,6.4585,12-15,No,Yes
1921,0,9259,12-15,No,No
1922,0,42097,12-15,No,No
1923,1,12.1205,<12,No,No
1924,0,7009,12-15,No,No
1925,1,10122,12-15,Yes,Yes
1926,0,42376,<12,No,Yes
1927,0,23042,12-15,No,No
1928,0,19003,12-15,No,No
1929,0,13999,16+,No,No
1930,0,13999,12-15,No,No
1931,0,1068,<12,No,No
1932,0,27201,<12,No,No
1933,1,917,<12,No,No
1934,1,2168,16+,No,No
1935,1,8583,12-15,No,No
1936,0,9142,<12,Yes,No
1937,0,53.04,<12,No,Yes
1938,0,676,16+,No,No
1939,1,4085,12-15,No,No
1940,0,6177,<12,Yes,No
1941,0,6661,12-15,No,No
1942,1,5.1635,12-15,No,Yes
1943,0,3285,12-15,Yes,No
1944,1,13.2925,16+,No,No
1945,1,12586,16+,No,No
1946,0,5002,<12,No,No
1947,0,12794,12-15,No,No
1948,1,7.0005,12-15,No,No
1949,1,20.3645,12-15,No,No
1950,0,10806,16+,No,No
1951,0,5043,16+,No,No
1952,0,7948,16+,Yes,No
1953,1,10.9655,12-15,Yes,Yes
1954,0,11953,12-15,Yes,Yes
1955,0,3.77,12-15,No,Yes
1956,0,2001,12-15,No,Yes
1957,0,7.94,12-15,Yes,No
1958,0,20.0,<12,Yes,No
1959,0,20.0,12-15,Yes,No
1960,0,6207,16+,No,No
1961,0,1799,12-15,No,No
1962,1,2649,12-15,No,No
1963,0,56999,<12,No,No
1964,0,11502,<12,No,No
1965,0,27496,<12,No,No
1966,0,11502,<12,No,No
1967,0,2502,16+,No,No
1968,1,15.0035,12-15,No,No
1969,0,567,16+,No,No
1970,1,26.3765,<12,No,Yes
1971,1,3335,12-15,No,Yes
1972,1,0.9995,<12,Yes,Yes
1973,0,15.63,12-15,Yes,No
1974,0,23231,<12,Yes,Yes
1975,1,16.3175,12-15,Yes,Yes
1976,1,16.3315,<12,No,Yes
1977,0,7.02,16+,Yes,No
1978,0,25366,12-15,No,Yes
1979,1,6.8335,12-15,Yes,No
1980,0,11206,12-15,Yes,Yes
1981,0,18097,12-15,No,No
1982,1,753,<12,No,No
1983,1,6.0835,12-15,No,No
1984,0,7.31,<12,No,No
1985,0,17999,12-15,No,Yes
1986,1,8271,12-15,Yes,No
1987,1,3.1665,<12,No,Yes
1988,0,10664,<12,No,Yes
1989,0,5328,12-15,No,No
1990,1,22423,12-15,No,Yes
1991,0,20.69,12-15,Yes,No
1992,0,1.41,12-15,No,Yes
1993,1,10168,12-15,Yes,No
1994,1,3.0005,12-15,Yes,Yes
1995,0,3291,12-15,Yes,No
1996,1,2.1655,<12,Yes,Yes
1997,1,19106,<12,Yes,No
1998,0,24663,<12,No,Yes
1999,0,7.02,12-15,Yes,Yes
2000,0,2494,<12,Yes,Yes
2001,0,35001,<12,Yes,No
2002,0,10916,12-15,No,Yes
2003,0,2779,<12,Yes,No
2004,0,2749,12-15,Yes,No
2005,1,6598,<12,Yes,No
2006,0,1503,<12,Yes,No
2007,1,19.2775,<12,Yes,Yes
2008,1,38.0915,<12,Yes,No
2009,1,4.0,<12,Yes,Yes
2010,1,11.2885,12-15,No,Yes
2011,0,27441,12-15,Yes,Yes
2012,0,9413,<12,Yes,No
2013,0,8104,12-15,Yes,No
2014,0,4104,12-15,Yes,No
2015,0,4104,12-15,Yes,Yes
2016,0,28.0,<12,No,Yes
2017,0,20041,<12,Yes,No
2018,1,2.4555,<12,No,Yes
2019,0,38669,<12,No,Yes
2020,0,22502,16+,No,No
2021,1,13084,<12,No,No
2022,1,4.0,12-15,No,No
2023,1,1503,<12,No,No
2024,0,1369,12-15,No,No
2025,0,40838,12-15,No,Yes
2026,0,33689,12-15,No,Yes
2027,0,42754,12-15,No,Yes
2028,1,8167,<12,No,Yes
2029,1,3.1295,12-15,Yes,Yes
2030,1,5.3335,12-15,Yes,No
2031,1,5826,16+,Yes,No
2032,0,3173,16+,Yes,No
2033,0,7759,12-15,No,No
2034,1,16219,<12,No,No
2035,1,36.3775,<12,No,No
2036,0,27381,12-15,No,No
2037,0,13922,12-15,No,No
2038,1,8252,12-15,No,No
2039,0,5153,12-15,No,No
2040,0,18319,12-15,No,No
2041,1,7855,16+,No,No
2042,0,43556,12-15,No,No
2043,1,2.1655,16+,No,No
2044,0,25958,12-15,No,No
2045,1,4.17,16+,No,No
2046,0,8.0,12-15,Yes,No
2047,0,23918,<12,No,Yes
2048,0,9624,<12,Yes,Yes
2049,1,7.5975,12-15,No,Yes
2050,1,11.1075,<12,No,Yes
2051,1,29.1635,12-15,Yes,Yes
2052,1,11.6605,<12,Yes,Yes
2053,1,167,12-15,No,Yes
2054,0,29999,12-15,No,No
2055,0,29999,12-15,No,No
2056,0,15.54,12-15,No,Yes
2057,0,17582,<12,Yes,Yes
2058,0,14905,<12,Yes,No
2059,1,6.8335,12-15,No,Yes
2060,0,6.04,<12,Yes,No
2061,1,6.0015,12-15,No,No
2062,1,9.6945,12-15,No,No
2063,0,20.29,12-15,No,No
2064,0,20.29,12-15,No,No
2065,0,13155,12-15,No,No
2066,1,14.1655,12-15,No,No
2067,0,12665,12-15,No,No
2068,1,12578,12-15,No,No
2069,0,164,12-15,No,No
2070,0,45164,12-15,No,Yes
2071,0,12999,<12,Yes,No
2072,0,4539,<12,No,Yes
2073,1,14.8365,12-15,Yes,Yes
2074,1,11.9645,<12,Yes,No
2075,1,16504,12-15,No,No
2076,1,5503,12-15,No,No
2077,1,16504,12-15,No,No
2078,1,5503,12-15,No,No
2079,0,11001,12-15,Yes,Yes
2080,1,17.2185,<12,No,No
2081,0,18023,<12,No,No
2082,1,20252,12-15,Yes,Yes
2083,1,17.5825,12-15,Yes,No
2084,1,6.0015,<12,No,Yes
2085,0,50108,<12,Yes,No
2086,1,4.9145,12-15,Yes,No
2087,0,2004,<12,Yes,No
2088,0,4225,<12,Yes,No
2089,0,29077,12-15,Yes,No
2090,0,39669,16+,No,Yes
2091,1,3.3375,12-15,Yes,No
2092,1,2171,<12,No,No
2093,0,56668,<12,No,No
2094,0,49511,<12,No,No
2095,0,15.17,12-15,No,No
2096,0,25018,<12,No,No
2097,0,6897,<12,No,No
2098,0,18374,12-15,No,Yes
2099,1,3666,12-15,Yes,Yes
2100,0,46.22,<12,No,No
2101,0,30081,<12,No,No
2102,0,14.22,12-15,No,No
2103,1,17952,<12,Yes,Yes
2104,0,37539,<12,Yes,No
2105,0,48252,<12,No,Yes
2106,1,15622,12-15,Yes,No
2107,1,7.5045,12-15,No,No
2108,1,2.6615,12-15,No,No
2109,1,26.8885,<12,No,Yes
2110,1,20.1285,12-15,No,Yes
2111,0,20942,<12,No,No
2112,1,5588,12-15,No,No
2113,1,3.0855,16+,No,No
2114,0,11904,<12,No,Yes
2115,0,11904,12-15,Yes,Yes
2116,0,5383,12-15,No,Yes
2117,1,1084,<12,No,No
2118,1,12.2795,<12,No,No
2119,0,3.02,<12,No,No
2120,0,16.0,<12,No,Yes
2121,0,17169,12-15,No,Yes
2122,0,1728,12-15,Yes,No
2123,1,6998,12-15,No,Yes
2124,0,13875,16+,Yes,Yes
2125,0,18.71,12-15,No,Yes
2126,0,34001,<12,Yes,No
2127,1,6502,<12,No,No
2128,1,6.0165,12-15,No,No
2129,1,10.2505,12-15,No,No
2130,0,22749,12-15,No,Yes
2131,0,24999,12-15,Yes,No
2132,1,12219,<12,Yes,No
2133,0,17363,12-15,Yes,No
2134,0,29999,<12,Yes,Yes
2135,0,24044,12-15,No,No
2136,1,29.7275,16+,No,No
2137,0,33.96,<12,No,Yes
2138,0,15589,12-15,Yes,No
2139,0,8225,12-15,Yes,No
2140,1,15918,12-15,No,Yes
2141,1,21774,<12,Yes,Yes
2142,0,11748,12-15,No,No
2143,0,11748,16+,No,No
2144,0,16901,<12,No,No
2145,0,523,12-15,No,No
2146,0,10089,12-15,No,No
2147,1,19.6715,16+,No,No
2148,0,11606,<12,No,No
2149,1,3748,12-15,No,No
2150,1,25065,<12,No,No
2151,0,43745,<12,No,No
2152,1,46962,12-15,Yes,No
2153,1,25.4125,<12,No,No
2154,0,33695,16+,No,No
2155,0,46535,<12,No,Yes
2156,1,6975,12-15,Yes,No
2157,1,3833,16+,Yes,No
2158,1,14283,12-15,No,Yes
2159,0,19896,12-15,No,Yes
2160,0,7786,16+,No,No
2161,0,31921,12-15,No,Yes
2162,1,0.4985,12-15,Yes,Yes
2163,1,2.0205,<12,No,Yes
2164,1,21213,<12,No,Yes
2165,0,12.0,12-15,No,No
2166,0,20129,12-15,No,No
2167,0,25166,12-15,No,No
2168,1,2.6285,12-15,Yes,Yes
2169,0,21952,16+,No,Yes
2170,1,13539,<12,No,No
2171,0,12235,<12,No,No
2172,1,8.9555,<12,Yes,No
2173,0,60249,<12,No,Yes
2174,0,7351,12-15,Yes,No
2175,1,2.1625,12-15,No,Yes
2176,1,2.1625,12-15,Yes,No
2177,1,19.7915,<12,No,Yes
2178,0,39417,<12,Yes,Yes
2179,0,39417,<12,No,Yes
2180,0,18585,<12,Yes,No
2181,1,33.9955,12-15,No,Yes
2182,1,3756,12-15,No,Yes
2183,1,8.2925,12-15,No,Yes
2184,0,18212,12-15,No,Yes
2185,0,11751,12-15,Yes,No
2186,0,13763,<12,Yes,No
2187,1,12.5515,12-15,Yes,No
2188,0,14319,<12,No,Yes
2189,0,12747,<12,No,Yes
2190,0,12931,<12,Yes,Yes
2191,1,22.0805,<12,Yes,No
2192,0,34084,16+,No,No
2193,1,11296,<12,No,No
2194,0,14905,<12,Yes,Yes
2195,0,3261,12-15,Yes,Yes
2196,0,11102,<12,No,Yes
2197,0,35756,<12,Yes,Yes
2198,0,19332,<12,No,Yes
2199,0,3808,<12,Yes,No
2200,0,5509,<12,Yes,No
2201,1,13418,12-15,No,No
2202,0,16834,12-15,No,Yes
2203,0,12.0,<12,Yes,No
2204,1,11303,<12,No,No
2205,0,6297,12-15,No,No
2206,0,2286,12-15,Yes,No
2207,1,9618,16+,No,No
2208,0,2012,12-15,No,No
2209,0,24961,<12,Yes,Yes
2210,0,2617,12-15,Yes,No
2211,0,40523,12-15,No,No
2212,0,17016,12-15,No,No
2213,0,42921,<12,Yes,Yes
2214,0,42921,<12,No,Yes
2215,0,2256,12-15,Yes,No
2216,0,16216,12-15,Yes,Yes
2217,0,1911,12-15,Yes,No
2218,0,15247,12-15,Yes,No
2219,0,28.0,<12,Yes,Yes
2220,0,1563,12-15,Yes,Yes
2221,1,12.4845,12-15,No,No
2222,0,2576,12-15,No,No
2223,0,15603,12-15,No,Yes
2224,0,6527,12-15,Yes,No
2225,0,47.25,12-15,No,No
2226,0,11751,12-15,No,No
2227,0,16339,12-15,No,No
2228,0,21999,12-15,No,No
2229,1,4.7475,12-15,Yes,Yes
2230,0,11502,<12,No,Yes
2231,0,14856,12-15,No,Yes
2232,0,18825,12-15,Yes,Yes
2233,0,17065,12-15,No,Yes
2234,1,28.4985,12-15,Yes,No
2235,0,28501,12-15,No,Yes
2236,0,36041,12-15,No,Yes
2237,0,539,12-15,Yes,Yes
2238,0,11841,<12,No,Yes
2239,0,32164,<12,No,Yes
2240,0,5372,12-15,Yes,Yes
2241,0,15025,12-15,No,No
2242,0,8512,12-15,No,No
2243,0,18998,<12,No,Yes
2244,1,4.4955,<12,No,Yes
2245,1,17503,<12,Yes,Yes
2246,0,4.72,16+,No,Yes
2247,1,24.9995,<12,No,Yes
2248,1,2245,12-15,Yes,No
2249,0,19554,12-15,Yes,Yes
2250,0,11551,12-15,Yes,No
2251,0,11551,12-15,No,Yes
2252,1,10552,<12,Yes,Yes
2253,0,20.0,<12,No,No
2254,0,31792,<12,No,Yes
2255,0,3923,12-15,Yes,No
2256,1,5.5,<12,No,Yes
2257,0,24999,12-15,Yes,Yes
2258,1,5.5605,<12,No,No
2259,1,4337,<12,No,No
2260,0,621,<12,Yes,No
2261,0,20137,<12,Yes,No
2262,0,3855,<12,Yes,Yes
2263,1,18.4585,<12,Yes,Yes
2264,0,41843,<12,No,Yes
2265,0,14172,<12,Yes,Yes
2266,1,13648,<12,No,Yes
2267,0,30992,<12,Yes,No
2268,0,23786,12-15,Yes,No
2269,1,7168,16+,No,No
2270,0,1498,<12,No,No
2271,1,22.7185,12-15,No,No
2272,0,6409,12-15,No,No
2273,0,13821,12-15,No,No
2274,0,534,<12,No,No
2275,0,19877,12-15,No,No
2276,0,13314,12-15,No,No
2277,0,13821,12-15,No,No
2278,1,5919,12-15,No,No
2279,0,42434,12-15,No,No
2280,1,19291,12-15,No,No
2281,0,38919,<12,No,No
2282,0,27.86,<12,Yes,Yes
2283,0,27.86,<12,No,No
2284,0,6708,<12,No,No
2285,0,21169,<12,Yes,No
2286,0,3086,<12,No,No
2287,0,8901,<12,No,Yes
2288,0,17585,<12,No,No
2289,0,35828,<12,Yes,Yes
2290,1,16.6055,<12,Yes,Yes
2291,0,22867,<12,Yes,Yes
2292,0,14582,<12,No,Yes
2293,0,30861,<12,No,Yes
2294,0,11759,12-15,Yes,Yes
2295,0,4534,12-15,No,Yes
2296,0,21.7,12-15,Yes,Yes
2297,0,381,12-15,Yes,No
2298,0,8435,12-15,Yes,No
2299,0,47852,<12,No,Yes
2300,0,2305,12-15,Yes,No
2301,0,26111,<12,Yes,No
2302,0,13629,<12,Yes,Yes
2303,0,5.96,12-15,No,No
2304,1,1.5445,12-15,No,No
2305,1,19.2525,<12,No,No
2306,1,4999,<12,No,No
2307,0,4843,12-15,No,No
2308,0,4843,12-15,No,No
2309,0,19064,<12,No,No
2310,1,6.7515,12-15,No,No
2311,0,26103,12-15,No,No
2312,0,4307,16+,Yes,No
2313,1,17577,12-15,Yes,No
2314,0,21227,<12,Yes,Yes
2315,1,19.54,<12,No,Yes
2316,1,4.6595,12-15,Yes,Yes
2317,1,2.1435,<12,Yes,No
2318,0,7751,<12,Yes,No
2319,0,5604,12-15,Yes,No
2320,1,5807,16+,No,Yes
2321,1,5.5085,12-15,No,Yes
2322,0,6021,<12,Yes,Yes
2323,1,23001,<12,No,Yes
2324,1,16668,12-15,Yes,Yes
2325,1,16668,12-15,No,No
2326,1,2998,16+,Yes,Yes
2327,0,1038,12-15,No,Yes
2328,0,2971,<12,Yes,No
2329,0,53142,12-15,No,No
2330,0,11792,16+,No,No
2331,0,923,<12,No,No
2332,0,2938,<12,Yes,Yes
2333,0,9.8,<12,No,Yes
2334,1,4.0,12-15,No,No
2335,0,18127,12-15,No,No
2336,0,20991,12-15,No,Yes
2337,0,38428,12-15,No,No
2338,0,15871,12-15,No,No
2339,1,2168,<12,No,Yes
2340,0,21593,12-15,Yes,No
2341,0,21095,12-15,Yes,No
2342,1,11028,<12,Yes,Yes
2343,0,1448,12-15,No,No
2344,1,10168,12-15,No,No
2345,0,28.17,16+,No,No
2346,0,22.47,<12,No,Yes
2347,0,6146,12-15,Yes,No
2348,1,2.9155,<12,Yes,Yes
2349,1,2.9625,<12,No,Yes
2350,1,6.9185,12-15,No,Yes
2351,0,15195,12-15,Yes,Yes
2352,1,427,12-15,No,No
2353,0,13051,12-15,No,No
2354,0,14472,12-15,No,No
2355,0,17117,12-15,No,No
2356,0,39803,<12,Yes,Yes
2357,0,25166,<12,No,Yes
2358,1,9.5,12-15,No,Yes
2359,1,5339,12-15,Yes,Yes
2360,1,13254,12-15,No,No
2361,0,11748,<12,Yes,Yes
2362,1,5588,12-15,No,No
2363,1,0.5885,12-15,No,No
2364,1,0.4985,12-15,No,No
2365,0,22973,12-15,Yes,Yes
2366,0,1763,12-15,No,Yes
2367,0,43097,12-15,No,Yes
2368,0,10858,12-15,Yes,No
2369,1,2.9975,<12,Yes,Yes
2370,1,8.0025,12-15,Yes,Yes
2371,0,22502,12-15,Yes,Yes
2372,0,57415,<12,No,Yes
2373,1,18.9155,12-15,Yes,Yes
2374,0,8534,12-15,No,No
2375,1,1.7275,12-15,No,No
2376,0,21722,<12,No,Yes
2377,0,4.92,<12,Yes,No
2378,0,52.14,<12,No,No
2379,0,15217,12-15,Yes,No
2380,1,8983,12-15,No,Yes
2381,0,8608,12-15,Yes,No
2382,0,1098,12-15,Yes,No
2383,0,14067,<12,No,No
2384,0,14067,<12,No,No
2385,0,50251,<12,No,Yes
2386,0,16419,<12,No,Yes
2387,0,23034,12-15,No,No
2388,0,12304,12-15,No,No
2389,0,17013,12-15,No,No
2390,1,30.2475,12-15,No,No
2391,0,35181,<12,No,No
2392,0,832,12-15,No,No
2393,0,5695,12-15,No,No
2394,1,17.1965,<12,Yes,No
2395,0,19409,12-15,Yes,No
2396,0,49687,<12,Yes,No
2397,0,10001,<12,Yes,Yes
2398,0,15997,<12,No,Yes
2399,1,10338,12-15,No,No
2400,1,5.0475,12-15,No,No
2401,1,17.6265,<12,No,Yes
2402,0,16093,12-15,Yes,Yes
2403,0,12602,12-15,Yes,Yes
2404,0,52794,<12,No,Yes
2405,1,16586,12-15,Yes,Yes
2406,0,4454,12-15,Yes,No
2407,0,11546,<12,Yes,Yes
2408,0,50182,<12,No,Yes
2409,0,35001,<12,No,No
2410,0,2472,12-15,No,No
2411,0,34459,<12,Yes,Yes
2412,0,34459,<12,No,Yes
2413,0,11173,12-15,Yes,No
2414,0,10094,<12,No,Yes
2415,0,10094,12-15,Yes,No
2416,0,42746,<12,Yes,No
2417,0,3.89,<12,Yes,No
2418,0,14125,12-15,Yes,No
2419,0,27499,<12,Yes,Yes
2420,0,3305,<12,Yes,Yes
2421,0,48246,<12,No,Yes
2422,1,9.3335,<12,No,Yes
2423,0,14535,<12,Yes,Yes
2424,0,10992,16+,No,No
2425,1,12.0,12-15,Yes,Yes
2426,0,30.88,12-15,No,Yes
2427,0,4526,12-15,Yes,No
2428,0,11765,16+,No,Yes
2429,1,2.3545,<12,Yes,Yes
2430,0,2305,12-15,No,No
2431,0,945,12-15,No,No
2432,0,49919,<12,Yes,Yes
2433,1,4252,12-15,Yes,No
2434,1,14.5325,<12,Yes,Yes
2435,1,0.4985,<12,No,Yes
2436,1,11477,12-15,Yes,Yes
2437,0,10352,12-15,Yes,No
2438,0,3376,12-15,No,No
2439,0,13333,<12,No,No
2440,1,5.2075,12-15,No,No
2441,0,5029,12-15,No,No
2442,1,8.0435,<12,No,No
2443,0,26311,<12,Yes,Yes
2444,0,6207,12-15,Yes,No
2445,1,4.6625,<12,Yes,Yes
2446,0,26138,12-15,Yes,No
2447,0,16205,<12,Yes,No
2448,0,54251,<12,No,Yes
2449,0,17.15,<12,Yes,Yes
2450,1,5191,12-15,Yes,No
2451,1,11.9455,<12,No,Yes
2452,0,11028,12-15,Yes,Yes
2453,0,18823,12-15,Yes,No
2454,1,7.5115,12-15,No,No
2455,0,6001,<12,No,No
2456,1,24611,<12,Yes,Yes
2457,0,4066,12-15,Yes,Yes
2458,0,6604,12-15,No,Yes
2459,1,4419,12-15,No,No
2460,0,7003,12-15,Yes,No
2461,1,5.9465,<12,Yes,No
2462,1,1.9305,<12,Yes,No
2463,0,14998,<12,Yes,Yes
2464,0,35455,<12,No,Yes
2465,0,16999,<12,Yes,No
2466,0,19168,16+,No,No
2467,0,6264,12-15,No,No
2468,1,2.1795,<12,No,No
2469,1,1.5825,<12,No,No
2470,0,835,12-15,No,Yes
2471,0,3888,<12,Yes,Yes
2472,1,22.6245,<12,No,No
2473,1,23428,<12,No,No
2474,1,11.0005,<12,No,Yes
2475,0,4057,12-15,Yes,No
2476,0,17906,<12,No,No
2477,0,18.73,12-15,No,No
2478,0,15362,12-15,No,No
2479,0,15362,<12,No,No
2480,0,8789,<12,No,Yes
2481,1,2497,12-15,Yes,Yes
2482,0,49774,<12,No,No
2483,0,46171,<12,No,No
2484,0,21363,<12,No,No
2485,0,14998,12-15,No,No
2486,0,14998,12-15,No,No
2487,1,12.4955,12-15,No,Yes
2488,1,1.1635,12-15,No,Yes
2489,1,2248,<12,No,No
2490,1,13.4645,<12,Yes,No
2491,0,28.0,<12,No,No
2492,1,7581,12-15,No,No
2493,1,16.9365,12-15,No,No
2494,0,20515,<12,Yes,No
2495,1,7329,<12,Yes,No
2496,0,13676,<12,Yes,Yes
2497,1,9.1665,12-15,Yes,No
2498,1,2056,12-15,No,Yes
2499,0,26612,<12,Yes,No
2500,0,41229,<12,No,No
2501,0,20348,12-15,No,No
2502,0,7595,12-15,No,No
2503,0,9169,12-15,No,No
2504,0,641,<12,No,No
2505,0,14428,12-15,No,No
2506,1,3417,12-15,No,No
2507,0,698,12-15,No,No
2508,0,5002,12-15,Yes,Yes
2509,0,1634,12-15,No,No
2510,0,5194,12-15,No,No
2511,0,9821,12-15,Yes,Yes
2512,0,7811,<12,Yes,Yes
2513,1,14.0315,<12,No,No
2514,0,24819,12-15,No,No
2515,1,7332,16+,No,No
2516,1,8.1615,12-15,No,No
2517,0,2982,<12,No,No
2518,1,2.8935,12-15,Yes,No
2519,1,2805,<12,No,No
2520,0,20041,<12,No,Yes
2521,0,17027,12-15,No,No
2522,0,18727,<12,No,No
2523,1,7918,12-15,No,No
2524,0,19682,12-15,No,No
2525,0,15723,12-15,No,No
2526,1,23227,<12,Yes,No
2527,0,9002,<12,No,No
2528,0,18204,<12,No,No
2529,0,18283,16+,No,No
2530,0,627,12-15,Yes,No
2531,1,8768,12-15,Yes,No
2532,1,9.3305,12-15,Yes,No
2533,0,24334,<12,No,Yes
2534,0,20112,12-15,Yes,Yes
2535,0,2001,12-15,No,No
2536,0,41.09,<12,Yes,Yes
2537,0,1906,12-15,Yes,Yes
2538,0,20.12,16+,No,Yes
2539,1,4167,<12,No,No
2540,0,3.17,12-15,Yes,No
2541,1,4.4405,<12,Yes,No
2542,0,19285,<12,No,Yes
2543,0,30828,12-15,No,No
2544,0,1117,<12,No,No
2545,0,9509,12-15,Yes,Yes
2546,0,14938,12-15,Yes,Yes
2547,0,32315,<12,No,Yes
2548,0,26308,12-15,No,Yes
2549,0,26511,<12,Yes,Yes
2550,0,28679,<12,No,Yes
2551,1,13295,<12,Yes,Yes
2552,0,25166,<12,Yes,Yes
2553,0,621,<12,No,Yes
2554,0,10179,12-15,Yes,No
2555,0,9873,<12,No,Yes
2556,1,4.1645,12-15,No,No
2557,0,10894,<12,Yes,Yes
2558,1,8917,12-15,No,No
2559,1,8917,12-15,No,No
2560,0,39833,12-15,Yes,Yes
2561,0,24129,16+,Yes,Yes
2562,1,7.8465,12-15,No,Yes
2563,0,48832,<12,Yes,Yes
2564,0,26976,12-15,Yes,Yes
2565,0,2289,16+,Yes,No
2566,0,26976,12-15,No,Yes
2567,1,4.6625,12-15,Yes,No
2568,0,18215,<12,Yes,No
2569,0,22355,<12,No,No
2570,0,16583,<12,No,Yes
2571,1,2801,<12,Yes,Yes
2572,0,38912,<12,Yes,Yes
2573,0,11409,12-15,No,Yes
2574,0,11409,<12,Yes,No
2575,1,16.3465,<12,No,No
2576,1,6253,12-15,Yes,No
2577,0,9626,<12,Yes,Yes
2578,1,5339,12-15,No,Yes
2579,1,16964,12-15,Yes,Yes
2580,1,6916,12-15,Yes,Yes
2581,0,29451,<12,Yes,Yes
2582,1,3751,<12,Yes,No
2583,0,1837,<12,Yes,No
2584,0,1342,12-15,No,Yes
2585,0,1665,<12,Yes,Yes
2586,1,1.1665,12-15,Yes,No
2587,0,17.87,<12,Yes,Yes
2588,0,21087,12-15,Yes,Yes
2589,0,6.7,<12,Yes,No
2590,1,12.3285,<12,Yes,Yes
2591,0,13933,12-15,No,No
2592,1,19.1075,12-15,No,No
2593,1,15002,12-15,No,No
2594,0,9897,16+,No,No
2595,0,20.0,<12,No,Yes
2596,1,21.6265,<12,No,Yes
2597,1,2998,12-15,Yes,Yes
2598,0,13517,<12,Yes,No
2599,0,2568,16+,No,Yes
2600,1,3.17,<12,No,Yes
2601,0,19975,12-15,Yes,Yes
2602,0,24.0,<12,No,No
2603,1,6497,<12,No,No
2604,1,6.0455,16+,No,No
2605,1,25667,12-15,No,No
2606,0,15817,16+,No,No
2607,0,15817,16+,No,No
2608,0,8.66,16+,No,No
2609,0,13933,16+,No,No
2610,0,9038,<12,No,No
2611,1,5692,16+,No,No
2612,0,53391,16+,No,No
2613,1,7165,12-15,No,No
2614,0,13897,12-15,No,No
2615,0,16.72,12-15,Yes,Yes
2616,0,5.58,12-15,No,Yes
2617,0,6157,<12,No,Yes
2618,1,9166,12-15,No,No
2619,0,6.36,12-15,No,No
2620,0,6606,12-15,Yes,No
2621,1,14.7705,12-15,No,No
2622,0,11017,12-15,Yes,Yes
2623,0,3044,12-15,Yes,Yes
2624,1,5.8755,12-15,No,Yes
2625,0,1259,12-15,Yes,No
2626,1,14587,<12,Yes,Yes
2627,0,4063,12-15,Yes,No
2628,1,18.5585,<12,No,No
2629,0,19995,12-15,No,Yes
2630,0,4003,<12,No,Yes
2631,0,28.49,12-15,No,No
2632,0,4.72,<12,No,No
2633,0,4.92,<12,No,No
2634,1,1517,<12,No,No
2635,1,27.1675,12-15,Yes,No
2636,1,8419,12-15,No,Yes
2637,0,4003,12-15,Yes,No
2638,1,11.7945,12-15,Yes,Yes
2639,0,20142,12-15,No,Yes
2640,1,17251,12-15,No,No
2641,0,1804,<12,No,No
2642,1,498,<12,No,No
2643,1,498,<12,No,No
2644,0,9.5,12-15,No,No
2645,1,1.2485,12-15,No,No
2646,0,3231,12-15,Yes,Yes
2647,1,1.7165,12-15,Yes,No
2648,0,9002,12-15,No,No
2649,1,11759,<12,No,No
2650,0,14497,<12,Yes,Yes
2651,0,36999,<12,No,No
2652,0,13506,12-15,No,No
2653,1,9.1085,<12,No,Yes
2654,0,6382,<12,No,No
2655,1,10.9625,12-15,No,No
2656,0,54877,<12,No,No
2657,1,2166,12-15,No,No
2658,1,23.17,<12,No,Yes
2659,1,10.7105,<12,No,Yes
2660,1,9.3305,<12,No,Yes
2661,1,9.3305,12-15,Yes,Yes
2662,0,18.82,<12,No,Yes
2663,0,18338,<12,No,Yes
2664,0,23116,12-15,No,Yes
2665,0,3118,<12,Yes,No
2666,0,23116,<12,Yes,Yes
2667,0,4479,12-15,No,Yes
2668,0,51168,<12,Yes,Yes
2669,0,10689,16+,Yes,Yes
2670,0,12192,12-15,Yes,Yes
2671,0,12167,12-15,Yes,No
2672,1,29254,12-15,No,No
2673,1,11335,<12,No,Yes
2674,0,7537,<12,Yes,No
2675,1,16.2985,<12,No,No
2676,0,22831,12-15,No,No
2677,0,22831,<12,No,No
2678,0,3912,<12,No,No
2679,1,5.4975,<12,No,No
2680,1,2.1655,16+,No,No
2681,1,23.0195,12-15,No,Yes
2682,0,10012,12-15,Yes,Yes
2683,1,7.6085,<12,No,Yes
2684,0,56085,<12,Yes,No
2685,0,7.88,<12,Yes,No
2686,1,7335,12-15,Yes,No
2687,1,10.2125,12-15,Yes,Yes
2688,1,10.3765,<12,No,No
2689,1,10012,<12,No,No
2690,1,1.1665,<12,No,No
2691,0,15918,<12,No,No
2692,0,23641,<12,No,No
2693,1,8.2135,<12,No,No
2694,0,10965,12-15,Yes,Yes
2695,0,16.81,12-15,No,Yes
2696,0,9106,16+,Yes,No
2697,1,7.3595,12-15,Yes,Yes
2698,1,3.8305,<12,No,Yes
2699,1,8.3915,12-15,Yes,No
2700,0,31036,12-15,No,No
2701,0,775,<12,No,No
2702,0,7444,12-15,No,No
2703,0,4783,16+,No,No
2704,0,2919,<12,No,No
2705,0,43943,12-15,No,No
2706,0,21062,16+,No,No
2707,0,17.81,12-15,No,No
2708,0,17618,16+,Yes,Yes
2709,0,4934,<12,No,No
2710,0,18708,<12,No,No
2711,0,12044,<12,No,No
2712,0,17016,<12,No,No
2713,0,17016,12-15,No,No
2714,0,12999,<12,No,No
2715,1,20246,<12,No,No
2716,0,10453,<12,No,No
2717,0,9002,<12,No,No
2718,1,8.3995,12-15,No,Yes
2719,1,1336,12-15,Yes,Yes
2720,0,17164,12-15,No,Yes
2721,0,10256,<12,Yes,Yes
2722,0,3.63,12-15,Yes,Yes
2723,1,29.9985,<12,No,Yes
2724,0,16934,12-15,Yes,No
2725,0,8274,12-15,Yes,No
2726,0,23474,<12,Yes,Yes
2727,0,11866,12-15,No,Yes
2728,0,26144,12-15,No,No
2729,0,2757,12-15,No,No
2730,0,4928,12-15,No,No
2731,0,2757,12-15,No,No
2732,0,1002,<12,No,No
2733,0,1002,<12,No,No
2734,0,13645,12-15,No,No
2735,0,9591,12-15,Yes,No
2736,0,33243,<12,Yes,Yes
2737,0,33243,<12,No,Yes
2738,1,3.2525,<12,No,Yes
2739,0,12977,<12,No,No
2740,0,29944,<12,No,No
2741,1,3.8415,<12,No,No
2742,1,9128,<12,No,No
2743,1,9.7575,12-15,No,No
2744,0,15.54,12-15,No,No
2745,0,6743,12-15,Yes,No
2746,1,12731,12-15,No,Yes
2747,1,512,<12,Yes,No
2748,0,25352,12-15,No,Yes
2749,0,10626,16+,No,Yes
2750,1,20723,<12,Yes,Yes
2751,0,2847,12-15,No,Yes
2752,1,5.7495,16+,Yes,Yes
2753,0,8893,16+,No,Yes
2754,1,11.8985,<12,No,Yes
2755,1,1.9985,12-15,Yes,Yes
2756,1,5.6755,16+,Yes,Yes
2757,1,509,<12,Yes,No
2758,0,8493,<12,No,Yes
2759,1,9.8795,12-15,No,No
2760,0,8003,12-15,No,Yes
2761,1,9.9985,<12,No,Yes
2762,1,12917,<12,No,Yes
2763,1,6.4205,12-15,No,Yes
2764,0,2741,<12,No,No
2765,0,2664,<12,Yes,Yes
2766,1,36.3915,<12,No,No
2767,0,20205,16+,No,No
2768,1,39257,<12,No,No
2769,1,25169,16+,Yes,Yes
2770,1,3.4115,12-15,No,Yes
2771,0,2601,12-15,Yes,No
2772,0,35003,12-15,Yes,No
2773,0,15433,12-15,No,Yes
2774,0,17845,16+,No,Yes
2775,1,8383,12-15,Yes,No
2776,0,22565,<12,No,Yes
2777,1,14787,<12,No,No
2778,0,32786,<12,No,Yes
2779,0,9656,<12,Yes,No
2780,0,17.55,<12,Yes,No
2781,0,2045,12-15,Yes,No
2782,0,5977,<12,Yes,No
2783,1,26497,<12,No,Yes
2784,0,11414,12-15,Yes,No
2785,0,31989,<12,Yes,Yes
2786,0,37836,<12,No,Yes
2787,0,42508,12-15,Yes,Yes
2788,1,14.7325,16+,No,No
2789,0,3351,12-15,Yes,No
2790,0,6396,<12,Yes,No
2791,1,1.1665,16+,Yes,Yes
2792,0,6344,<12,Yes,No
2793,1,8334,12-15,Yes,No
2794,0,24027,12-15,No,No
2795,0,14817,<12,No,Yes
2796,1,21914,12-15,Yes,Yes
2797,1,4.0,12-15,Yes,Yes
2798,1,2.3795,12-15,No,No
2799,0,26.48,<12,No,Yes
2800,1,5169,<12,Yes,No
2801,0,20.17,<12,Yes,Yes
2802,0,47.25,<12,Yes,Yes
2803,0,21328,12-15,Yes,No
2804,0,35.24,<12,Yes,Yes
2805,0,13974,12-15,Yes,Yes
2806,0,21.21,<12,Yes,No
2807,0,14001,<12,No,No
2808,1,3.5,12-15,No,Yes
2809,0,27967,<12,No,Yes
2810,0,13509,<12,Yes,No
2811,0,26664,12-15,Yes,Yes
2812,0,4.0,<12,Yes,No
2813,0,13908,12-15,Yes,Yes
2814,1,22.4015,<12,Yes,Yes
2815,0,13446,12-15,Yes,Yes
2816,0,12865,<12,No,No
2817,0,26001,<12,No,Yes
2818,0,16203,<12,Yes,No
2819,0,19055,<12,Yes,No
2820,0,14324,<12,Yes,No
2821,1,20.0435,<12,Yes,Yes
2822,0,2004,<12,Yes,No
2823,0,11034,12-15,Yes,No
2824,1,15.6715,12-15,No,No
2825,0,10103,12-15,No,Yes
2826,0,26272,<12,Yes,Yes
2827,0,26272,<12,No,Yes
2828,0,5218,12-15,Yes,No
2829,0,13446,<12,Yes,Yes
2830,0,56882,<12,No,No
2831,1,16312,<12,No,No
2832,0,8496,<12,No,Yes
2833,0,26.22,12-15,No,Yes
2834,1,1.2075,<12,Yes,Yes
2835,0,7023,<12,Yes,No
2836,0,7023,12-15,Yes,No
2837,0,43671,<12,Yes,Yes
2838,0,11433,12-15,Yes,No
2839,1,586,<12,Yes,No
2840,0,21821,<12,Yes,No
2841,0,5988,<12,No,Yes
2842,0,16156,<12,Yes,No
2843,0,1035,12-15,Yes,No
2844,0,1035,16+,No,Yes
2845,0,9.81,12-15,No,No
2846,0,15901,12-15,No,No
2847,0,23915,12-15,No,No
2848,1,5.84,<12,No,No
2849,0,1363,12-15,Yes,No
2850,1,18579,<12,No,No
2851,0,7732,12-15,Yes,No
2852,0,7732,12-15,Yes,No
2853,0,42461,<12,Yes,Yes
2854,0,9933,12-15,No,Yes
2855,1,4.1615,<12,Yes,Yes
2856,0,8304,<12,Yes,No
2857,0,4118,12-15,Yes,No
2858,0,25087,<12,No,No
2859,1,25.7495,<12,No,No
2860,0,9999,<12,Yes,No
2861,1,1.4865,<12,No,Yes
2862,1,999,12-15,No,Yes
2863,0,15537,12-15,Yes,Yes
2864,0,16003,12-15,Yes,Yes
2865,0,60353,<12,No,Yes
2866,1,9988,12-15,No,Yes
2867,0,5823,<12,Yes,No
2868,0,23951,<12,Yes,No
2869,0,9005,<12,Yes,No
2870,1,6.7295,<12,Yes,No
2871,0,32.0,<12,Yes,No
2872,0,4359,12-15,Yes,Yes
2873,1,3.4965,12-15,No,No
2874,0,16397,12-15,Yes,Yes
2875,0,21999,<12,Yes,Yes
2876,1,2664,12-15,No,Yes
2877,0,7001,<12,Yes,No
2878,0,36923,<12,Yes,Yes
2879,0,36923,<12,No,Yes
2880,1,5834,12-15,No,Yes
2881,0,5944,12-15,Yes,Yes
2882,0,8309,12-15,Yes,No
2883,1,6004,<12,Yes,No
2884,0,15001,12-15,No,No
2885,0,16438,<12,No,No
2886,1,9.8755,<12,No,No
2887,0,25106,12-15,No,No
2888,1,8249,12-15,No,No
2889,0,2513,12-15,No,No
2890,1,0.8735,<12,Yes,Yes
2891,0,3.97,12-15,Yes,No
2892,1,27.6345,<12,Yes,No
2893,0,25916,<12,No,Yes
2894,0,42672,<12,Yes,No
2895,0,8162,12-15,Yes,No
2896,0,51748,<12,No,No
2897,0,16999,<12,Yes,No
2898,0,16194,12-15,No,No
2899,0,12999,<12,No,No
2900,0,13999,<12,Yes,Yes
2901,0,13999,12-15,No,Yes
2902,1,6486,16+,Yes,No
2903,1,5.2125,12-15,No,Yes
2904,0,5911,12-15,Yes,No
2905,1,1002,12-15,Yes,Yes
2906,1,4589,12-15,Yes,No
2907,0,6935,12-15,Yes,No
2908,0,24.0,12-15,Yes,No
2909,0,37793,12-15,No,No
2910,0,14472,12-15,No,No
2911,1,7.6595,<12,No,No
2912,1,4249,12-15,Yes,No
2913,0,34303,<12,No,No
2914,0,7655,<12,Yes,No
2915,1,14834,<12,No,Yes
2916,1,25187,<12,No,No
2917,1,5.0155,12-15,No,Yes
2918,1,7258,16+,No,Yes
2919,0,2.53,12-15,No,No
2920,1,13.1665,<12,No,No
2921,0,7288,12-15,No,No
2922,0,7288,12-15,No,No
2923,0,4101,12-15,No,No
2924,0,32416,<12,No,No
2925,0,6283,<12,No,No
2926,0,2245,<12,No,No
2927,0,2084,12-15,No,No
2928,1,4268,12-15,Yes,Yes
2929,0,21999,<12,Yes,Yes
2930,0,21999,12-15,No,Yes
2931,0,14683,12-15,No,No
2932,0,34543,<12,No,No
2933,0,8999,12-15,Yes,No
2934,1,7091,<12,No,No
2935,0,3001,<12,Yes,No
2936,1,7.2155,<12,Yes,Yes
2937,1,4665,<12,No,No
2938,0,34505,<12,No,No
2939,0,22998,<12,No,Yes
2940,1,6.9595,12-15,No,No
2941,0,9158,12-15,No,No
2942,1,2.2535,12-15,No,No
2943,1,4.4295,12-15,Yes,Yes
2944,0,27253,<12,Yes,Yes
2945,1,15.2635,<12,Yes,No
2946,0,8331,12-15,No,No
2947,0,26877,<12,No,No
2948,0,3882,12-15,Yes,No
2949,0,40726,12-15,No,No
2950,1,6552,16+,No,No
2951,0,12854,12-15,No,No
2952,0,6502,<12,No,No
2953,0,8887,16+,Yes,No
2954,0,5454,12-15,No,No
2955,0,7086,12-15,Yes,Yes
2956,0,17777,12-15,Yes,No
2957,0,17029,<12,Yes,No
2958,0,31017,<12,No,Yes
2959,0,2.62,<12,No,Yes
2960,1,4.6955,12-15,Yes,No
2961,0,41309,12-15,No,Yes
2962,0,24082,12-15,No,Yes
2963,0,20145,12-15,Yes,Yes
2964,0,35228,<12,No,No
2965,0,1684,12-15,No,No
2966,0,12.98,<12,No,No
2967,0,21081,<12,No,Yes
2968,0,34268,<12,Yes,No
2969,0,41095,<12,Yes,No
2970,1,14.4505,<12,Yes,No
2971,0,48005,<12,No,Yes
2972,0,4756,12-15,No,No
2973,1,18.3095,<12,Yes,No
2974,1,16.9145,<12,No,Yes
2975,0,835,<12,Yes,No
2976,0,8.14,<12,Yes,No
2977,0,11398,<12,Yes,No
2978,0,12572,12-15,Yes,Yes
2979,0,2554,12-15,Yes,Yes
2980,0,2552,12-15,Yes,No
2981,0,8.0,<12,Yes,Yes
2982,1,1.5825,12-15,No,Yes
2983,0,10333,<12,Yes,Yes
2984,0,6524,16+,Yes,No
2985,1,8501,<12,No,No
2986,1,8.92,12-15,No,No
2987,0,20999,<12,No,No
2988,1,11.0825,12-15,No,No
2989,0,23299,12-15,No,No
2990,0,7948,<12,No,No
2991,0,7948,12-15,No,No
2992,0,24153,12-15,No,No
2993,0,24153,12-15,No,No
2994,0,13903,12-15,No,No
2995,1,2.4885,<12,No,No
2996,0,34664,<12,No,Yes
2997,1,6.1305,<12,Yes,Yes
2998,1,2.2775,<12,Yes,No
2999,1,11335,12-15,Yes,No
3000,0,3129,16+,Yes,No
3001,1,32.6025,12-15,No,Yes
3002,1,7.08,<12,Yes,No
3003,1,7.8195,12-15,Yes,No
3004,0,12687,16+,Yes,Yes
3005,0,50639,<12,No,Yes
3006,1,30.1655,12-15,No,No
3007,0,32.0,12-15,No,No
3008,0,7066,12-15,No,Yes
3009,1,24.9995,12-15,Yes,Yes
3010,1,5.2045,<12,Yes,Yes
3011,1,194,<12,No,Yes
3012,0,4115,<12,Yes,Yes
3013,0,4468,12-15,No,No
3014,0,9651,12-15,No,No
3015,0,31173,<12,No,No
3016,0,51337,<12,No,No
3017,1,9024,<12,No,Yes
3018,0,222,12-15,Yes,No
3019,1,3.1565,12-15,No,No
3020,1,14168,12-15,No,No
3021,0,2171,12-15,Yes,Yes
3022,0,687,<12,No,Yes
3023,0,3379,<12,Yes,Yes
3024,1,5.1935,<12,Yes,Yes
3025,0,2927,12-15,Yes,No
3026,1,11.3565,12-15,Yes,No
3027,0,12263,12-15,No,Yes
3028,0,8945,12-15,No,No
3029,0,20605,12-15,No,No
3030,0,26001,<12,Yes,No
3031,0,35274,<12,Yes,Yes
3032,1,1.1665,12-15,No,Yes
3033,0,12999,<12,Yes,No
3034,1,13.9195,12-15,No,Yes
3035,1,12553,12-15,Yes,Yes
3036,0,37158,<12,Yes,Yes
3037,0,37158,<12,No,Yes
3038,0,12726,12-15,Yes,Yes
3039,0,7592,<12,Yes,No
3040,1,1.5115,<12,Yes,Yes
3041,0,7.05,12-15,No,No
3042,0,28.0,<12,No,Yes
3043,1,6.8365,12-15,No,No
3044,1,12085,<12,No,Yes
3045,0,15847,12-15,Yes,No
3046,0,15847,<12,Yes,No
3047,0,11105,12-15,Yes,No
3048,0,6007,<12,Yes,No
3049,0,1812,<12,Yes,No
3050,0,14998,<12,No,No
3051,0,14998,<12,No,No
3052,0,54418,<12,Yes,Yes
3053,0,22946,<12,Yes,No
3054,0,12816,16+,Yes,No
3055,0,5.67,16+,No,No
3056,0,2.33,16+,No,No
3057,0,348,<12,No,No
3058,0,5331,12-15,No,Yes
3059,0,18669,<12,No,Yes
3060,0,7922,12-15,No,Yes
3061,0,35507,<12,No,Yes
3062,0,9555,12-15,Yes,No
3063,0,20684,<12,No,Yes
3064,1,13.2375,12-15,Yes,Yes
3065,1,9231,<12,No,No
3066,0,7042,12-15,No,No
3067,0,35187,<12,No,No
3068,0,22563,<12,Yes,No
3069,0,27529,<12,Yes,No
3070,0,9254,<12,Yes,No
3071,1,10749,16+,No,No
3072,0,43017,12-15,No,Yes
3073,0,32999,<12,No,Yes
3074,0,2516,12-15,No,Yes
3075,0,17999,<12,No,No
3076,0,1.29,12-15,No,Yes
3077,1,10133,<12,Yes,No
3078,0,4.0,12-15,No,Yes
3079,0,33919,12-15,No,Yes
3080,1,5.2485,12-15,No,No
3081,1,6.9155,12-15,No,No
3082,1,15.4195,12-15,No,Yes
3083,0,31855,<12,Yes,No
3084,1,12504,12-15,No,Yes
3085,0,42949,<12,No,Yes
3086,1,1.2925,<12,No,Yes
3087,0,10004,12-15,No,No
3088,0,22138,12-15,No,No
3089,0,6442,<12,No,No
3090,0,6919,12-15,No,No
3091,0,14768,16+,No,No
3092,0,42847,<12,Yes,Yes
3093,0,42847,12-15,No,Yes
3094,0,5812,12-15,Yes,No
3095,0,11959,12-15,Yes,No
3096,0,50877,<12,Yes,Yes
3097,0,16005,12-15,No,Yes
3098,0,14757,12-15,No,No
3099,0,3146,12-15,Yes,No
3100,0,15.02,<12,No,No
3101,0,12654,12-15,Yes,No
3102,0,9.44,12-15,No,No
3103,0,24.0,<12,No,Yes
3104,0,20775,12-15,No,Yes
3105,1,3.08,<12,Yes,Yes
3106,1,9.1715,<12,No,No
3107,1,5914,<12,No,No
3108,0,5711,<12,No,No
3109,1,2.1655,<12,No,No
3110,0,46.16,<12,No,No
3111,0,29999,<12,No,Yes
3112,0,46511,<12,No,No
3113,0,46511,<12,No,No
3114,0,23075,12-15,No,No
3115,1,4578,<12,Yes,Yes
3116,1,6.6255,<12,No,Yes
3117,0,43715,<12,No,No
3118,0,6998,<12,No,No
3119,1,15587,<12,No,No
3120,0,3253,<12,No,No
3121,0,3203,12-15,Yes,No
3122,0,11978,12-15,Yes,No
3123,1,8.6215,12-15,No,Yes
3124,0,47.42,<12,No,Yes
3125,0,7176,12-15,Yes,No
3126,0,2062,12-15,Yes,No
3127,1,9.48,<12,Yes,No
3128,0,11546,12-15,Yes,No
3129,0,54059,<12,No,Yes
3130,0,11.42,12-15,No,No
3131,0,19283,<12,No,No
3132,0,11.86,12-15,No,No
3133,1,7.25,12-15,No,No
3134,0,9246,12-15,Yes,No
3135,0,1506,<12,Yes,Yes
3136,1,8668,<12,No,Yes
3137,0,6234,16+,No,Yes
3138,0,54943,<12,Yes,Yes
3139,0,19748,<12,Yes,No
3140,0,9656,<12,Yes,No
3141,1,10253,<12,No,Yes
3142,1,41.6275,<12,Yes,No
3143,1,0.9995,<12,No,No
3144,0,13435,<12,No,No
3145,0,2475,12-15,Yes,No
3146,0,4164,12-15,No,Yes
3147,0,3669,<12,No,Yes
3148,0,6919,12-15,Yes,No
3149,0,1897,12-15,Yes,No
3150,0,18992,<12,Yes,Yes
3151,0,19107,<12,Yes,No
3152,0,9974,<12,Yes,No
3153,1,5733,12-15,Yes,No
3154,0,13173,12-15,No,Yes
3155,0,11069,12-15,Yes,No
3156,1,5418,12-15,No,Yes
3157,1,6.7895,16+,Yes,Yes
3158,0,7001,<12,No,No
3159,0,24999,<12,Yes,No
3160,0,46.65,<12,Yes,Yes
3161,0,956,16+,Yes,No
3162,1,5.7495,12-15,Yes,No
3163,0,13383,12-15,Yes,No
3164,0,15997,12-15,No,No
3165,0,34809,12-15,No,No
3166,0,34809,12-15,No,No
3167,0,9.93,<12,No,No
3168,1,2075,12-15,No,No
3169,0,9.93,12-15,No,No
3170,0,24999,12-15,No,Yes
3171,0,36586,12-15,Yes,Yes
3172,1,2.3055,<12,Yes,No
3173,0,19.37,12-15,Yes,No
3174,0,49287,<12,Yes,Yes
3175,1,10086,16+,No,No
3176,0,11159,16+,No,No
3177,1,6597,<12,No,No
3178,1,30.5285,<12,Yes,Yes
3179,1,31918,12-15,No,Yes
3180,0,30018,12-15,No,Yes
3181,1,9.9,<12,Yes,No
3182,0,6886,<12,No,Yes
3183,0,6886,12-15,Yes,No
3184,0,862,12-15,Yes,No
3185,0,999,12-15,Yes,Yes
3186,0,3.11,<12,No,Yes
3187,1,16.0,12-15,No,Yes
3188,1,0.58,<12,Yes,Yes
3189,0,27001,<12,No,No
3190,1,6166,<12,No,No
3191,1,14.2095,<12,No,Yes
3192,0,18667,<12,No,Yes
3193,0,30.91,12-15,Yes,Yes
3194,1,3751,12-15,Yes,No
3195,1,3751,12-15,Yes,No
3196,1,5.67,<12,No,Yes
3197,1,5.4185,<12,Yes,Yes
3198,0,5038,12-15,No,Yes
3199,1,5.67,<12,No,Yes
3200,0,7786,12-15,Yes,No
3201,0,6995,<12,Yes,No
3202,0,6995,12-15,Yes,No
3203,1,8.0,12-15,Yes,Yes
3204,1,8.0,16+,Yes,Yes
3205,1,6.1655,<12,Yes,Yes
3206,0,5002,12-15,Yes,No
3207,1,20167,12-15,No,No
3208,0,25752,12-15,No,No
3209,0,20.0,<12,No,Yes
3210,0,18998,<12,Yes,Yes
3211,0,13002,<12,Yes,Yes
3212,1,8427,<12,Yes,No
3213,1,4832,<12,Yes,No
3214,1,4832,12-15,Yes,No
3215,1,23.2935,<12,No,Yes
3216,0,25123,<12,No,Yes
3217,1,2.1275,<12,Yes,Yes
3218,1,15.0855,<12,No,Yes
3219,0,4942,12-15,Yes,Yes
3220,0,19146,16+,No,No
3221,1,5.9575,12-15,No,No
3222,0,33859,12-15,No,Yes
3223,0,9977,<12,No,Yes
3224,1,20.3285,<12,No,Yes
3225,0,7299,<12,Yes,Yes
3226,0,4249,12-15,Yes,No
3227,0,49834,12-15,Yes,Yes
3228,0,6.85,12-15,Yes,No
3229,0,7299,12-15,Yes,Yes
3230,0,24999,<12,Yes,No
3231,0,39247,<12,Yes,Yes
3232,0,16444,12-15,No,Yes
3233,0,9405,12-15,Yes,No
3234,0,6617,12-15,Yes,No
3235,0,18374,<12,Yes,Yes
3236,0,18374,<12,Yes,No
3237,0,24.0,12-15,No,Yes
3238,0,10001,<12,Yes,Yes
3239,0,10001,<12,No,Yes
3240,0,49.35,<12,Yes,Yes
3241,0,6877,12-15,Yes,No
3242,1,6954,12-15,Yes,Yes
3243,0,11847,12-15,Yes,No
3244,0,4068,<12,No,Yes
3245,0,19.88,<12,Yes,No
3246,0,4068,12-15,Yes,No
3247,1,18905,<12,Yes,Yes
3248,0,36.58,<12,No,Yes
3249,0,2908,12-15,No,Yes
3250,1,6664,<12,Yes,Yes
3251,1,10998,<12,Yes,Yes
3252,0,14762,12-15,No,Yes
3253,0,10962,12-15,Yes,Yes
3254,0,17758,12-15,No,Yes
3255,0,816,<12,Yes,No
3256,1,17.7465,<12,Yes,No
3257,0,28419,<12,Yes,Yes
3258,0,26582,<12,No,Yes
3259,1,4134,<12,Yes,Yes
3260,0,15959,12-15,No,Yes
3261,0,6888,<12,Yes,No
3262,1,3.2825,12-15,Yes,No
3263,0,41391,<12,Yes,No
3264,0,13196,16+,No,No
3265,0,25886,16+,No,No
3266,0,25886,12-15,No,No
3267,1,9.6535,12-15,No,Yes
3268,0,59452,<12,Yes,Yes
3269,0,21.93,12-15,No,Yes
3270,1,6.59,<12,Yes,Yes
3271,0,7915,16+,Yes,No
3272,0,32621,12-15,No,Yes
3273,0,22858,<12,No,Yes
3274,0,29478,<12,Yes,No
3275,1,21584,<12,Yes,Yes
3276,1,28.9365,<12,No,Yes
3277,1,3083,12-15,No,Yes
3278,0,12.89,<12,Yes,No
3279,0,16.95,16+,Yes,No
3280,1,5032,12-15,Yes,Yes
3281,0,40.98,<12,Yes,Yes
3282,1,2.6635,<12,Yes,No
3283,1,8616,<12,Yes,Yes
3284,1,12671,12-15,Yes,Yes
3285,0,16216,12-15,Yes,Yes
3286,1,4.17,12-15,Yes,No
3287,0,1314,12-15,Yes,No
3288,1,11.4115,<12,No,Yes
3289,0,22.93,12-15,Yes,No
3290,0,19001,<12,No,Yes
3291,1,9413,12-15,Yes,No
3292,0,41158,12-15,No,Yes
3293,0,2094,16+,Yes,Yes
3294,0,22346,<12,No,No
3295,0,301,<12,Yes,No
3296,0,301,<12,Yes,No
3297,0,28342,12-15,Yes,Yes
3298,0,8942,12-15,No,Yes
3299,0,36474,<12,No,Yes
3300,1,3.8355,12-15,Yes,Yes
3301,0,27.88,<12,Yes,Yes
3302,0,1418,<12,Yes,No
3303,0,728,<12,Yes,No
3304,0,28882,<12,Yes,Yes
3305,1,24334,<12,Yes,Yes
3306,0,13079,<12,Yes,No
3307,0,19075,12-15,Yes,Yes
3308,0,49963,<12,Yes,Yes
3309,0,41361,<12,No,Yes
3310,0,25572,16+,No,Yes
3311,0,50157,<12,No,Yes
3312,0,24931,16+,No,No
3313,1,11239,12-15,No,No
3314,0,20912,<12,No,No
3315,0,20085,16+,No,No
3316,1,6.9185,12-15,No,No
3317,1,13.5825,12-15,No,No
3318,1,6653,12-15,No,No
3319,0,3918,12-15,No,No
3320,1,3.5485,12-15,No,Yes
3321,0,8485,<12,Yes,No
3322,0,17892,<12,Yes,Yes
3323,1,22.6555,<12,Yes,No
3324,0,1541,16+,Yes,No
3325,1,12.0905,<12,No,No
3326,0,18086,12-15,No,No
3327,0,18086,12-15,No,No
3328,0,10166,<12,No,Yes
3329,1,10.0865,<12,Yes,Yes
3330,1,17.3855,<12,Yes,No
3331,0,14001,12-15,Yes,Yes
3332,1,13251,12-15,No,Yes
3333,1,14.04,<12,Yes,Yes
3334,0,15781,<12,No,No
3335,1,2.6475,<12,No,No
3336,1,22.1625,12-15,No,No
3337,0,24917,<12,No,Yes
3338,0,13.06,<12,Yes,No
3339,1,10932,12-15,Yes,No
3340,0,13.06,12-15,Yes,No
3341,0,51666,<12,Yes,Yes
3342,0,17013,12-15,Yes,No
3343,0,28.37,12-15,No,Yes
3344,0,4318,<12,Yes,Yes
3345,1,6.4175,12-15,No,Yes
3346,0,1227,12-15,Yes,No
3347,0,986,<12,Yes,No
3348,0,7097,<12,Yes,No
3349,1,36.9885,<12,No,Yes
3350,0,12945,12-15,Yes,No
3351,1,1966,<12,Yes,Yes
3352,0,2913,12-15,No,No
3353,0,31567,<12,No,Yes
3354,1,4156,<12,Yes,Yes
3355,1,16434,<12,Yes,No
3356,1,6382,12-15,Yes,No
3357,0,19003,<12,Yes,No
3358,0,33651,<12,Yes,No
3359,0,27264,<12,No,Yes
3360,0,6319,<12,No,Yes
3361,0,13415,12-15,Yes,No
3362,0,4457,12-15,No,Yes
3363,0,444,<12,Yes,Yes
3364,1,8.5855,16+,Yes,No
3365,0,15828,12-15,No,Yes
3366,0,17144,12-15,Yes,Yes
3367,0,44747,<12,No,Yes
3368,0,4372,<12,Yes,No
3369,0,7269,12-15,Yes,No
3370,0,18.73,12-15,No,Yes
